,Images,Max_Probs,Confidence
0,C:\Users\adity\Desktop\Everything\Waste_Segregation\classify_food\yolov_train_data\train\veg\0.jpg,0.9999137,veg
1,C:\Users\adity\Desktop\Everything\Waste_Segregation\classify_food\yolov_train_data\train\veg\1.jpg,0.9996313,veg
2,C:\Users\adity\Desktop\Everything\Waste_Segregation\classify_food\yolov_train_data\train\veg\10.jpg,0.99859947,veg
3,C:\Users\adity\Desktop\Everything\Waste_Segregation\classify_food\yolov_train_data\train\veg\100.jpg,0.9714064,veg
4,C:\Users\adity\Desktop\Everything\Waste_Segregation\classify_food\yolov_train_data\train\veg\101.jpg,0.99998367,veg
5,C:\Users\adity\Desktop\Everything\Waste_Segregation\classify_food\yolov_train_data\train\veg\102.jpg,0.9975629,veg
6,C:\Users\adity\Desktop\Everything\Waste_Segregation\classify_food\yolov_train_data\train\veg\103.jpg,0.9994106,veg
7,C:\Users\adity\Desktop\Everything\Waste_Segregation\classify_food\yolov_train_data\train\veg\104.jpg,0.9999908,veg
8,C:\Users\adity\Desktop\Everything\Waste_Segregation\classify_food\yolov_train_data\train\veg\105.jpg,0.99967766,veg
9,C:\Users\adity\Desktop\Everything\Waste_Segregation\classify_food\yolov_train_data\train\veg\106.jpg,0.9985574,veg
10,C:\Users\adity\Desktop\Everything\Waste_Segregation\classify_food\yolov_train_data\train\veg\107.jpg,0.9998374,veg
11,C:\Users\adity\Desktop\Everything\Waste_Segregation\classify_food\yolov_train_data\train\veg\108.jpg,0.9999248,veg
12,C:\Users\adity\Desktop\Everything\Waste_Segregation\classify_food\yolov_train_data\train\veg\109.jpg,0.9996363,veg
13,C:\Users\adity\Desktop\Everything\Waste_Segregation\classify_food\yolov_train_data\train\veg\11.jpg,0.9999912,veg
14,C:\Users\adity\Desktop\Everything\Waste_Segregation\classify_food\yolov_train_data\train\veg\110.jpg,0.99999154,veg
15,C:\Users\adity\Desktop\Everything\Waste_Segregation\classify_food\yolov_train_data\train\veg\111.jpg,0.9995964,veg
16,C:\Users\adity\Desktop\Everything\Waste_Segregation\classify_food\yolov_train_data\train\veg\112.jpg,0.9999753,veg
17,C:\Users\adity\Desktop\Everything\Waste_Segregation\classify_food\yolov_train_data\train\veg\113.jpg,0.99845207,veg
18,C:\Users\adity\Desktop\Everything\Waste_Segregation\classify_food\yolov_train_data\train\veg\114.jpg,0.9998185,veg
19,C:\Users\adity\Desktop\Everything\Waste_Segregation\classify_food\yolov_train_data\train\veg\115.jpg,0.999818,veg
20,C:\Users\adity\Desktop\Everything\Waste_Segregation\classify_food\yolov_train_data\train\veg\116.jpg,0.9999962,veg
21,C:\Users\adity\Desktop\Everything\Waste_Segregation\classify_food\yolov_train_data\train\veg\117.jpg,0.9989219,veg
22,C:\Users\adity\Desktop\Everything\Waste_Segregation\classify_food\yolov_train_data\train\veg\118.jpg,0.9995359,veg
23,C:\Users\adity\Desktop\Everything\Waste_Segregation\classify_food\yolov_train_data\train\veg\119.jpg,0.99974805,veg
24,C:\Users\adity\Desktop\Everything\Waste_Segregation\classify_food\yolov_train_data\train\veg\12.jpg,0.9954672,veg
25,C:\Users\adity\Desktop\Everything\Waste_Segregation\classify_food\yolov_train_data\train\veg\120.jpg,0.99999297,veg
26,C:\Users\adity\Desktop\Everything\Waste_Segregation\classify_food\yolov_train_data\train\veg\121.jpg,0.99954873,veg
27,C:\Users\adity\Desktop\Everything\Waste_Segregation\classify_food\yolov_train_data\train\veg\122.jpg,0.9999392,veg
28,C:\Users\adity\Desktop\Everything\Waste_Segregation\classify_food\yolov_train_data\train\veg\123.jpg,0.99998784,veg
29,C:\Users\adity\Desktop\Everything\Waste_Segregation\classify_food\yolov_train_data\train\veg\124.jpg,0.999361,veg
30,C:\Users\adity\Desktop\Everything\Waste_Segregation\classify_food\yolov_train_data\train\veg\125.jpg,0.9999926,veg
31,C:\Users\adity\Desktop\Everything\Waste_Segregation\classify_food\yolov_train_data\train\veg\126.jpg,0.9999695,veg
32,C:\Users\adity\Desktop\Everything\Waste_Segregation\classify_food\yolov_train_data\train\veg\127.jpg,0.999556,veg
33,C:\Users\adity\Desktop\Everything\Waste_Segregation\classify_food\yolov_train_data\train\veg\128.jpg,0.8908222,veg
34,C:\Users\adity\Desktop\Everything\Waste_Segregation\classify_food\yolov_train_data\train\veg\129.jpg,0.99945384,veg
35,C:\Users\adity\Desktop\Everything\Waste_Segregation\classify_food\yolov_train_data\train\veg\13.jpg,0.9981817,veg
36,C:\Users\adity\Desktop\Everything\Waste_Segregation\classify_food\yolov_train_data\train\veg\130.jpg,0.9999633,veg
37,C:\Users\adity\Desktop\Everything\Waste_Segregation\classify_food\yolov_train_data\train\veg\131.jpg,0.9999248,veg
38,C:\Users\adity\Desktop\Everything\Waste_Segregation\classify_food\yolov_train_data\train\veg\132.jpg,0.9995832,veg
39,C:\Users\adity\Desktop\Everything\Waste_Segregation\classify_food\yolov_train_data\train\veg\133.jpg,0.99997246,veg
40,C:\Users\adity\Desktop\Everything\Waste_Segregation\classify_food\yolov_train_data\train\veg\134.jpg,0.99882776,veg
41,C:\Users\adity\Desktop\Everything\Waste_Segregation\classify_food\yolov_train_data\train\veg\135.jpg,0.9994017,veg
42,C:\Users\adity\Desktop\Everything\Waste_Segregation\classify_food\yolov_train_data\train\veg\136.jpg,0.99570906,veg
43,C:\Users\adity\Desktop\Everything\Waste_Segregation\classify_food\yolov_train_data\train\veg\137.jpg,0.94230795,veg
44,C:\Users\adity\Desktop\Everything\Waste_Segregation\classify_food\yolov_train_data\train\veg\138.jpg,0.9997739,veg
45,C:\Users\adity\Desktop\Everything\Waste_Segregation\classify_food\yolov_train_data\train\veg\139.jpg,0.999977,veg
46,C:\Users\adity\Desktop\Everything\Waste_Segregation\classify_food\yolov_train_data\train\veg\14.jpg,0.99997306,veg
47,C:\Users\adity\Desktop\Everything\Waste_Segregation\classify_food\yolov_train_data\train\veg\140.jpg,0.9990841,veg
48,C:\Users\adity\Desktop\Everything\Waste_Segregation\classify_food\yolov_train_data\train\veg\141.jpg,0.999884,veg
49,C:\Users\adity\Desktop\Everything\Waste_Segregation\classify_food\yolov_train_data\train\veg\142.jpg,0.9968919,veg
50,C:\Users\adity\Desktop\Everything\Waste_Segregation\classify_food\yolov_train_data\train\veg\143.jpg,0.99771523,veg
51,C:\Users\adity\Desktop\Everything\Waste_Segregation\classify_food\yolov_train_data\train\veg\144.jpg,0.9998011,veg
52,C:\Users\adity\Desktop\Everything\Waste_Segregation\classify_food\yolov_train_data\train\veg\145.jpg,0.9999949,veg
53,C:\Users\adity\Desktop\Everything\Waste_Segregation\classify_food\yolov_train_data\train\veg\146.jpg,0.9999926,veg
54,C:\Users\adity\Desktop\Everything\Waste_Segregation\classify_food\yolov_train_data\train\veg\147.jpg,0.9999273,veg
55,C:\Users\adity\Desktop\Everything\Waste_Segregation\classify_food\yolov_train_data\train\veg\148.jpg,0.99995947,veg
56,C:\Users\adity\Desktop\Everything\Waste_Segregation\classify_food\yolov_train_data\train\veg\149.jpg,0.9988538,veg
57,C:\Users\adity\Desktop\Everything\Waste_Segregation\classify_food\yolov_train_data\train\veg\15.jpg,0.99999774,veg
58,C:\Users\adity\Desktop\Everything\Waste_Segregation\classify_food\yolov_train_data\train\veg\150.jpg,0.98292476,veg
59,C:\Users\adity\Desktop\Everything\Waste_Segregation\classify_food\yolov_train_data\train\veg\151.jpg,0.9998054,veg
60,C:\Users\adity\Desktop\Everything\Waste_Segregation\classify_food\yolov_train_data\train\veg\152.jpg,0.9996711,veg
61,C:\Users\adity\Desktop\Everything\Waste_Segregation\classify_food\yolov_train_data\train\veg\153.jpg,0.99997115,veg
62,C:\Users\adity\Desktop\Everything\Waste_Segregation\classify_food\yolov_train_data\train\veg\154.jpg,0.9994893,veg
63,C:\Users\adity\Desktop\Everything\Waste_Segregation\classify_food\yolov_train_data\train\veg\155.jpg,0.9999393,veg
64,C:\Users\adity\Desktop\Everything\Waste_Segregation\classify_food\yolov_train_data\train\veg\156.jpg,0.99892515,veg
65,C:\Users\adity\Desktop\Everything\Waste_Segregation\classify_food\yolov_train_data\train\veg\157.jpg,0.9999536,veg
66,C:\Users\adity\Desktop\Everything\Waste_Segregation\classify_food\yolov_train_data\train\veg\158.jpg,0.999752,veg
67,C:\Users\adity\Desktop\Everything\Waste_Segregation\classify_food\yolov_train_data\train\veg\159.jpg,0.99996436,veg
68,C:\Users\adity\Desktop\Everything\Waste_Segregation\classify_food\yolov_train_data\train\veg\16.jpg,0.9999976,veg
69,C:\Users\adity\Desktop\Everything\Waste_Segregation\classify_food\yolov_train_data\train\veg\160.jpg,0.99971634,veg
70,C:\Users\adity\Desktop\Everything\Waste_Segregation\classify_food\yolov_train_data\train\veg\161.jpg,0.99998283,veg
71,C:\Users\adity\Desktop\Everything\Waste_Segregation\classify_food\yolov_train_data\train\veg\162.jpg,0.9999931,veg
72,C:\Users\adity\Desktop\Everything\Waste_Segregation\classify_food\yolov_train_data\train\veg\163.jpg,0.9926111,veg
73,C:\Users\adity\Desktop\Everything\Waste_Segregation\classify_food\yolov_train_data\train\veg\164.jpg,0.99989355,veg
74,C:\Users\adity\Desktop\Everything\Waste_Segregation\classify_food\yolov_train_data\train\veg\165.jpg,0.9998497,veg
75,C:\Users\adity\Desktop\Everything\Waste_Segregation\classify_food\yolov_train_data\train\veg\166.jpg,0.9998933,veg
76,C:\Users\adity\Desktop\Everything\Waste_Segregation\classify_food\yolov_train_data\train\veg\167.jpg,0.999979,veg
77,C:\Users\adity\Desktop\Everything\Waste_Segregation\classify_food\yolov_train_data\train\veg\168.jpg,0.99995947,veg
78,C:\Users\adity\Desktop\Everything\Waste_Segregation\classify_food\yolov_train_data\train\veg\169.jpg,0.999385,veg
79,C:\Users\adity\Desktop\Everything\Waste_Segregation\classify_food\yolov_train_data\train\veg\17.jpg,0.99998474,veg
80,C:\Users\adity\Desktop\Everything\Waste_Segregation\classify_food\yolov_train_data\train\veg\170.jpg,0.9998105,veg
81,C:\Users\adity\Desktop\Everything\Waste_Segregation\classify_food\yolov_train_data\train\veg\171.jpg,0.999908,veg
82,C:\Users\adity\Desktop\Everything\Waste_Segregation\classify_food\yolov_train_data\train\veg\172.jpg,0.99999464,veg
83,C:\Users\adity\Desktop\Everything\Waste_Segregation\classify_food\yolov_train_data\train\veg\173.jpg,0.999841,veg
84,C:\Users\adity\Desktop\Everything\Waste_Segregation\classify_food\yolov_train_data\train\veg\174.jpg,0.9999864,veg
85,C:\Users\adity\Desktop\Everything\Waste_Segregation\classify_food\yolov_train_data\train\veg\175.jpg,0.9999902,veg
86,C:\Users\adity\Desktop\Everything\Waste_Segregation\classify_food\yolov_train_data\train\veg\176.jpg,0.9956623,veg
87,C:\Users\adity\Desktop\Everything\Waste_Segregation\classify_food\yolov_train_data\train\veg\177.jpg,0.9992287,veg
88,C:\Users\adity\Desktop\Everything\Waste_Segregation\classify_food\yolov_train_data\train\veg\178.jpg,0.9999565,veg
89,C:\Users\adity\Desktop\Everything\Waste_Segregation\classify_food\yolov_train_data\train\veg\179.jpg,0.99952614,veg
90,C:\Users\adity\Desktop\Everything\Waste_Segregation\classify_food\yolov_train_data\train\veg\18.jpg,0.99935013,veg
91,C:\Users\adity\Desktop\Everything\Waste_Segregation\classify_food\yolov_train_data\train\veg\180.jpg,0.9508799,veg
92,C:\Users\adity\Desktop\Everything\Waste_Segregation\classify_food\yolov_train_data\train\veg\181.jpg,0.9999331,veg
93,C:\Users\adity\Desktop\Everything\Waste_Segregation\classify_food\yolov_train_data\train\veg\182.jpg,0.9998534,veg
94,C:\Users\adity\Desktop\Everything\Waste_Segregation\classify_food\yolov_train_data\train\veg\183.jpg,0.9999074,veg
95,C:\Users\adity\Desktop\Everything\Waste_Segregation\classify_food\yolov_train_data\train\veg\184.jpg,0.9990596,veg
96,C:\Users\adity\Desktop\Everything\Waste_Segregation\classify_food\yolov_train_data\train\veg\185.jpg,0.99964285,veg
97,C:\Users\adity\Desktop\Everything\Waste_Segregation\classify_food\yolov_train_data\train\veg\186.jpg,0.99998605,veg
98,C:\Users\adity\Desktop\Everything\Waste_Segregation\classify_food\yolov_train_data\train\veg\187.jpg,0.99995935,veg
99,C:\Users\adity\Desktop\Everything\Waste_Segregation\classify_food\yolov_train_data\train\veg\188.jpg,0.9999006,veg
100,C:\Users\adity\Desktop\Everything\Waste_Segregation\classify_food\yolov_train_data\train\veg\189.jpg,0.9999989,veg
101,C:\Users\adity\Desktop\Everything\Waste_Segregation\classify_food\yolov_train_data\train\veg\19.jpg,0.9990619,veg
102,C:\Users\adity\Desktop\Everything\Waste_Segregation\classify_food\yolov_train_data\train\veg\190.jpg,0.999652,veg
103,C:\Users\adity\Desktop\Everything\Waste_Segregation\classify_food\yolov_train_data\train\veg\191.jpg,0.99991953,veg
104,C:\Users\adity\Desktop\Everything\Waste_Segregation\classify_food\yolov_train_data\train\veg\192.jpg,0.9996495,veg
105,C:\Users\adity\Desktop\Everything\Waste_Segregation\classify_food\yolov_train_data\train\veg\193.jpg,0.999884,veg
106,C:\Users\adity\Desktop\Everything\Waste_Segregation\classify_food\yolov_train_data\train\veg\194.jpg,0.9999988,veg
107,C:\Users\adity\Desktop\Everything\Waste_Segregation\classify_food\yolov_train_data\train\veg\195.jpg,0.9999809,veg
108,C:\Users\adity\Desktop\Everything\Waste_Segregation\classify_food\yolov_train_data\train\veg\196.jpg,0.9997484,veg
109,C:\Users\adity\Desktop\Everything\Waste_Segregation\classify_food\yolov_train_data\train\veg\197.jpg,0.9998275,veg
110,C:\Users\adity\Desktop\Everything\Waste_Segregation\classify_food\yolov_train_data\train\veg\198.jpg,0.99979466,veg
111,C:\Users\adity\Desktop\Everything\Waste_Segregation\classify_food\yolov_train_data\train\veg\199.jpg,0.9990783,veg
112,C:\Users\adity\Desktop\Everything\Waste_Segregation\classify_food\yolov_train_data\train\veg\2.jpg,0.99996305,veg
113,C:\Users\adity\Desktop\Everything\Waste_Segregation\classify_food\yolov_train_data\train\veg\20.jpg,0.9999833,veg
114,C:\Users\adity\Desktop\Everything\Waste_Segregation\classify_food\yolov_train_data\train\veg\200.jpg,0.99947685,veg
115,C:\Users\adity\Desktop\Everything\Waste_Segregation\classify_food\yolov_train_data\train\veg\201.jpg,0.9996948,veg
116,C:\Users\adity\Desktop\Everything\Waste_Segregation\classify_food\yolov_train_data\train\veg\202.jpg,0.9999918,veg
117,C:\Users\adity\Desktop\Everything\Waste_Segregation\classify_food\yolov_train_data\train\veg\203.jpg,0.9996784,veg
118,C:\Users\adity\Desktop\Everything\Waste_Segregation\classify_food\yolov_train_data\train\veg\204.jpg,0.99999547,veg
119,C:\Users\adity\Desktop\Everything\Waste_Segregation\classify_food\yolov_train_data\train\veg\205.jpg,0.9998417,veg
120,C:\Users\adity\Desktop\Everything\Waste_Segregation\classify_food\yolov_train_data\train\veg\206.jpg,0.99846673,veg
121,C:\Users\adity\Desktop\Everything\Waste_Segregation\classify_food\yolov_train_data\train\veg\207.jpg,0.99899644,veg
122,C:\Users\adity\Desktop\Everything\Waste_Segregation\classify_food\yolov_train_data\train\veg\208.jpg,0.99957186,veg
123,C:\Users\adity\Desktop\Everything\Waste_Segregation\classify_food\yolov_train_data\train\veg\209.jpg,0.99997497,veg
124,C:\Users\adity\Desktop\Everything\Waste_Segregation\classify_food\yolov_train_data\train\veg\21.jpg,0.999331,veg
125,C:\Users\adity\Desktop\Everything\Waste_Segregation\classify_food\yolov_train_data\train\veg\210.jpg,0.99987805,veg
126,C:\Users\adity\Desktop\Everything\Waste_Segregation\classify_food\yolov_train_data\train\veg\211.jpg,0.99997437,veg
127,C:\Users\adity\Desktop\Everything\Waste_Segregation\classify_food\yolov_train_data\train\veg\212.jpg,0.99999845,veg
128,C:\Users\adity\Desktop\Everything\Waste_Segregation\classify_food\yolov_train_data\train\veg\213.jpg,0.9973207,veg
129,C:\Users\adity\Desktop\Everything\Waste_Segregation\classify_food\yolov_train_data\train\veg\214.jpg,0.9999783,veg
130,C:\Users\adity\Desktop\Everything\Waste_Segregation\classify_food\yolov_train_data\train\veg\215.jpg,0.9985335,veg
131,C:\Users\adity\Desktop\Everything\Waste_Segregation\classify_food\yolov_train_data\train\veg\216.jpg,0.99992275,veg
132,C:\Users\adity\Desktop\Everything\Waste_Segregation\classify_food\yolov_train_data\train\veg\217.jpg,0.9998535,veg
133,C:\Users\adity\Desktop\Everything\Waste_Segregation\classify_food\yolov_train_data\train\veg\218.jpg,0.9999937,veg
134,C:\Users\adity\Desktop\Everything\Waste_Segregation\classify_food\yolov_train_data\train\veg\219.jpg,0.9999944,veg
135,C:\Users\adity\Desktop\Everything\Waste_Segregation\classify_food\yolov_train_data\train\veg\22.jpg,0.9997286,veg
136,C:\Users\adity\Desktop\Everything\Waste_Segregation\classify_food\yolov_train_data\train\veg\220.jpg,0.99924636,veg
137,C:\Users\adity\Desktop\Everything\Waste_Segregation\classify_food\yolov_train_data\train\veg\221.jpg,0.9999695,veg
138,C:\Users\adity\Desktop\Everything\Waste_Segregation\classify_food\yolov_train_data\train\veg\222.jpg,0.99999344,veg
139,C:\Users\adity\Desktop\Everything\Waste_Segregation\classify_food\yolov_train_data\train\veg\223.jpg,0.9994804,veg
140,C:\Users\adity\Desktop\Everything\Waste_Segregation\classify_food\yolov_train_data\train\veg\224.jpg,0.9999243,veg
141,C:\Users\adity\Desktop\Everything\Waste_Segregation\classify_food\yolov_train_data\train\veg\225.jpg,0.99999976,veg
142,C:\Users\adity\Desktop\Everything\Waste_Segregation\classify_food\yolov_train_data\train\veg\226.jpg,0.9999995,veg
143,C:\Users\adity\Desktop\Everything\Waste_Segregation\classify_food\yolov_train_data\train\veg\227.jpg,0.9996643,veg
144,C:\Users\adity\Desktop\Everything\Waste_Segregation\classify_food\yolov_train_data\train\veg\228.jpg,0.99999034,veg
145,C:\Users\adity\Desktop\Everything\Waste_Segregation\classify_food\yolov_train_data\train\veg\229.jpg,0.9913027,veg
146,C:\Users\adity\Desktop\Everything\Waste_Segregation\classify_food\yolov_train_data\train\veg\23.jpg,0.9999002,veg
147,C:\Users\adity\Desktop\Everything\Waste_Segregation\classify_food\yolov_train_data\train\veg\230.jpg,0.9998344,veg
148,C:\Users\adity\Desktop\Everything\Waste_Segregation\classify_food\yolov_train_data\train\veg\231.jpg,0.9999877,veg
149,C:\Users\adity\Desktop\Everything\Waste_Segregation\classify_food\yolov_train_data\train\veg\232.jpg,0.99011314,veg
150,C:\Users\adity\Desktop\Everything\Waste_Segregation\classify_food\yolov_train_data\train\veg\233.jpg,0.9993279,veg
151,C:\Users\adity\Desktop\Everything\Waste_Segregation\classify_food\yolov_train_data\train\veg\234.jpg,0.99947613,veg
152,C:\Users\adity\Desktop\Everything\Waste_Segregation\classify_food\yolov_train_data\train\veg\235.jpg,0.9999876,veg
153,C:\Users\adity\Desktop\Everything\Waste_Segregation\classify_food\yolov_train_data\train\veg\236.jpg,0.9995728,veg
154,C:\Users\adity\Desktop\Everything\Waste_Segregation\classify_food\yolov_train_data\train\veg\237.jpg,0.9998976,veg
155,C:\Users\adity\Desktop\Everything\Waste_Segregation\classify_food\yolov_train_data\train\veg\238.jpg,0.9995659,veg
156,C:\Users\adity\Desktop\Everything\Waste_Segregation\classify_food\yolov_train_data\train\veg\239.jpg,0.999746,veg
157,C:\Users\adity\Desktop\Everything\Waste_Segregation\classify_food\yolov_train_data\train\veg\24.jpg,0.9974819,veg
158,C:\Users\adity\Desktop\Everything\Waste_Segregation\classify_food\yolov_train_data\train\veg\240.jpg,0.99999404,veg
159,C:\Users\adity\Desktop\Everything\Waste_Segregation\classify_food\yolov_train_data\train\veg\241.jpg,0.999949,veg
160,C:\Users\adity\Desktop\Everything\Waste_Segregation\classify_food\yolov_train_data\train\veg\242.jpg,0.9998977,veg
161,C:\Users\adity\Desktop\Everything\Waste_Segregation\classify_food\yolov_train_data\train\veg\243.jpg,0.9999908,veg
162,C:\Users\adity\Desktop\Everything\Waste_Segregation\classify_food\yolov_train_data\train\veg\244.jpg,0.99997616,veg
163,C:\Users\adity\Desktop\Everything\Waste_Segregation\classify_food\yolov_train_data\train\veg\245.jpg,0.99989676,veg
164,C:\Users\adity\Desktop\Everything\Waste_Segregation\classify_food\yolov_train_data\train\veg\246.jpg,0.99999106,veg
165,C:\Users\adity\Desktop\Everything\Waste_Segregation\classify_food\yolov_train_data\train\veg\247.jpg,0.98253113,veg
166,C:\Users\adity\Desktop\Everything\Waste_Segregation\classify_food\yolov_train_data\train\veg\248.jpg,0.9994578,veg
167,C:\Users\adity\Desktop\Everything\Waste_Segregation\classify_food\yolov_train_data\train\veg\249.jpg,0.9992299,veg
168,C:\Users\adity\Desktop\Everything\Waste_Segregation\classify_food\yolov_train_data\train\veg\25.jpg,0.9999696,veg
169,C:\Users\adity\Desktop\Everything\Waste_Segregation\classify_food\yolov_train_data\train\veg\250.jpg,0.99971324,veg
170,C:\Users\adity\Desktop\Everything\Waste_Segregation\classify_food\yolov_train_data\train\veg\251.jpg,0.99922395,veg
171,C:\Users\adity\Desktop\Everything\Waste_Segregation\classify_food\yolov_train_data\train\veg\252.jpg,0.999283,veg
172,C:\Users\adity\Desktop\Everything\Waste_Segregation\classify_food\yolov_train_data\train\veg\253.jpg,0.99959534,veg
173,C:\Users\adity\Desktop\Everything\Waste_Segregation\classify_food\yolov_train_data\train\veg\254.jpg,0.99977344,veg
174,C:\Users\adity\Desktop\Everything\Waste_Segregation\classify_food\yolov_train_data\train\veg\255.jpg,0.9999778,veg
175,C:\Users\adity\Desktop\Everything\Waste_Segregation\classify_food\yolov_train_data\train\veg\256.jpg,0.9967212,veg
176,C:\Users\adity\Desktop\Everything\Waste_Segregation\classify_food\yolov_train_data\train\veg\257.jpg,0.99979144,veg
177,C:\Users\adity\Desktop\Everything\Waste_Segregation\classify_food\yolov_train_data\train\veg\258.jpg,0.9995739,veg
178,C:\Users\adity\Desktop\Everything\Waste_Segregation\classify_food\yolov_train_data\train\veg\259.jpg,0.9987658,veg
179,C:\Users\adity\Desktop\Everything\Waste_Segregation\classify_food\yolov_train_data\train\veg\26.jpg,0.99997735,veg
180,C:\Users\adity\Desktop\Everything\Waste_Segregation\classify_food\yolov_train_data\train\veg\260.jpg,0.9999796,veg
181,C:\Users\adity\Desktop\Everything\Waste_Segregation\classify_food\yolov_train_data\train\veg\261.jpg,0.9999988,veg
182,C:\Users\adity\Desktop\Everything\Waste_Segregation\classify_food\yolov_train_data\train\veg\262.jpg,0.9999597,veg
183,C:\Users\adity\Desktop\Everything\Waste_Segregation\classify_food\yolov_train_data\train\veg\263.jpg,0.9971226,veg
184,C:\Users\adity\Desktop\Everything\Waste_Segregation\classify_food\yolov_train_data\train\veg\264.jpg,0.9996401,veg
185,C:\Users\adity\Desktop\Everything\Waste_Segregation\classify_food\yolov_train_data\train\veg\265.jpg,0.99989355,veg
186,C:\Users\adity\Desktop\Everything\Waste_Segregation\classify_food\yolov_train_data\train\veg\266.jpg,0.99748117,veg
187,C:\Users\adity\Desktop\Everything\Waste_Segregation\classify_food\yolov_train_data\train\veg\267.jpg,0.9998623,veg
188,C:\Users\adity\Desktop\Everything\Waste_Segregation\classify_food\yolov_train_data\train\veg\268.jpg,0.9998524,veg
189,C:\Users\adity\Desktop\Everything\Waste_Segregation\classify_food\yolov_train_data\train\veg\269.jpg,0.9997042,veg
190,C:\Users\adity\Desktop\Everything\Waste_Segregation\classify_food\yolov_train_data\train\veg\27.jpg,0.9980762,veg
191,C:\Users\adity\Desktop\Everything\Waste_Segregation\classify_food\yolov_train_data\train\veg\270.jpg,0.9999306,veg
192,C:\Users\adity\Desktop\Everything\Waste_Segregation\classify_food\yolov_train_data\train\veg\271.jpg,0.9999919,veg
193,C:\Users\adity\Desktop\Everything\Waste_Segregation\classify_food\yolov_train_data\train\veg\272.jpg,0.9998292,veg
194,C:\Users\adity\Desktop\Everything\Waste_Segregation\classify_food\yolov_train_data\train\veg\273.jpg,0.9999889,veg
195,C:\Users\adity\Desktop\Everything\Waste_Segregation\classify_food\yolov_train_data\train\veg\274.jpg,0.9999728,veg
196,C:\Users\adity\Desktop\Everything\Waste_Segregation\classify_food\yolov_train_data\train\veg\275.jpg,0.9999653,veg
197,C:\Users\adity\Desktop\Everything\Waste_Segregation\classify_food\yolov_train_data\train\veg\276.jpg,0.9999931,veg
198,C:\Users\adity\Desktop\Everything\Waste_Segregation\classify_food\yolov_train_data\train\veg\277.jpg,0.9992142,veg
199,C:\Users\adity\Desktop\Everything\Waste_Segregation\classify_food\yolov_train_data\train\veg\278.jpg,0.99994075,veg
200,C:\Users\adity\Desktop\Everything\Waste_Segregation\classify_food\yolov_train_data\train\veg\279.jpg,0.99967647,veg
201,C:\Users\adity\Desktop\Everything\Waste_Segregation\classify_food\yolov_train_data\train\veg\28.jpg,0.99998736,veg
202,C:\Users\adity\Desktop\Everything\Waste_Segregation\classify_food\yolov_train_data\train\veg\280.jpg,0.9999498,veg
203,C:\Users\adity\Desktop\Everything\Waste_Segregation\classify_food\yolov_train_data\train\veg\281.jpg,0.9997557,veg
204,C:\Users\adity\Desktop\Everything\Waste_Segregation\classify_food\yolov_train_data\train\veg\282.jpg,0.99966717,veg
205,C:\Users\adity\Desktop\Everything\Waste_Segregation\classify_food\yolov_train_data\train\veg\283.jpg,0.9999802,veg
206,C:\Users\adity\Desktop\Everything\Waste_Segregation\classify_food\yolov_train_data\train\veg\284.jpg,0.99923515,veg
207,C:\Users\adity\Desktop\Everything\Waste_Segregation\classify_food\yolov_train_data\train\veg\285.jpg,0.99651504,veg
208,C:\Users\adity\Desktop\Everything\Waste_Segregation\classify_food\yolov_train_data\train\veg\286.jpg,0.9992243,veg
209,C:\Users\adity\Desktop\Everything\Waste_Segregation\classify_food\yolov_train_data\train\veg\287.jpg,0.995574,veg
210,C:\Users\adity\Desktop\Everything\Waste_Segregation\classify_food\yolov_train_data\train\veg\288.jpg,0.99957496,veg
211,C:\Users\adity\Desktop\Everything\Waste_Segregation\classify_food\yolov_train_data\train\veg\289.jpg,0.9998747,veg
212,C:\Users\adity\Desktop\Everything\Waste_Segregation\classify_food\yolov_train_data\train\veg\29.jpg,0.64207786,veg
213,C:\Users\adity\Desktop\Everything\Waste_Segregation\classify_food\yolov_train_data\train\veg\290.jpg,0.9998518,veg
214,C:\Users\adity\Desktop\Everything\Waste_Segregation\classify_food\yolov_train_data\train\veg\291.jpg,0.9978555,veg
215,C:\Users\adity\Desktop\Everything\Waste_Segregation\classify_food\yolov_train_data\train\veg\292.jpg,0.9999827,veg
216,C:\Users\adity\Desktop\Everything\Waste_Segregation\classify_food\yolov_train_data\train\veg\293.jpg,0.99998105,veg
217,C:\Users\adity\Desktop\Everything\Waste_Segregation\classify_food\yolov_train_data\train\veg\294.jpg,0.99670935,veg
218,C:\Users\adity\Desktop\Everything\Waste_Segregation\classify_food\yolov_train_data\train\veg\295.jpg,0.99988294,veg
219,C:\Users\adity\Desktop\Everything\Waste_Segregation\classify_food\yolov_train_data\train\veg\296.jpg,0.9999397,veg
220,C:\Users\adity\Desktop\Everything\Waste_Segregation\classify_food\yolov_train_data\train\veg\297.jpg,0.9999424,veg
221,C:\Users\adity\Desktop\Everything\Waste_Segregation\classify_food\yolov_train_data\train\veg\298.jpg,0.9999794,veg
222,C:\Users\adity\Desktop\Everything\Waste_Segregation\classify_food\yolov_train_data\train\veg\299.jpg,0.9999503,veg
223,C:\Users\adity\Desktop\Everything\Waste_Segregation\classify_food\yolov_train_data\train\veg\3.jpg,0.9999982,veg
224,C:\Users\adity\Desktop\Everything\Waste_Segregation\classify_food\yolov_train_data\train\veg\30.jpg,0.99987185,veg
225,C:\Users\adity\Desktop\Everything\Waste_Segregation\classify_food\yolov_train_data\train\veg\300.jpg,0.9999851,veg
226,C:\Users\adity\Desktop\Everything\Waste_Segregation\classify_food\yolov_train_data\train\veg\301.jpg,0.9999937,veg
227,C:\Users\adity\Desktop\Everything\Waste_Segregation\classify_food\yolov_train_data\train\veg\302.jpg,0.99061334,veg
228,C:\Users\adity\Desktop\Everything\Waste_Segregation\classify_food\yolov_train_data\train\veg\303.jpg,0.99999833,veg
229,C:\Users\adity\Desktop\Everything\Waste_Segregation\classify_food\yolov_train_data\train\veg\304.jpg,0.99971205,veg
230,C:\Users\adity\Desktop\Everything\Waste_Segregation\classify_food\yolov_train_data\train\veg\305.jpg,0.9999256,veg
231,C:\Users\adity\Desktop\Everything\Waste_Segregation\classify_food\yolov_train_data\train\veg\306.jpg,0.9999529,veg
232,C:\Users\adity\Desktop\Everything\Waste_Segregation\classify_food\yolov_train_data\train\veg\307.jpg,0.99263144,veg
233,C:\Users\adity\Desktop\Everything\Waste_Segregation\classify_food\yolov_train_data\train\veg\308.jpg,0.9999033,veg
234,C:\Users\adity\Desktop\Everything\Waste_Segregation\classify_food\yolov_train_data\train\veg\309.jpg,0.9999883,veg
235,C:\Users\adity\Desktop\Everything\Waste_Segregation\classify_food\yolov_train_data\train\veg\31.jpg,0.99992406,veg
236,C:\Users\adity\Desktop\Everything\Waste_Segregation\classify_food\yolov_train_data\train\veg\310.jpg,0.9993869,veg
237,C:\Users\adity\Desktop\Everything\Waste_Segregation\classify_food\yolov_train_data\train\veg\311.jpg,0.9887754,veg
238,C:\Users\adity\Desktop\Everything\Waste_Segregation\classify_food\yolov_train_data\train\veg\312.jpg,0.9990969,veg
239,C:\Users\adity\Desktop\Everything\Waste_Segregation\classify_food\yolov_train_data\train\veg\313.jpg,0.9998807,veg
240,C:\Users\adity\Desktop\Everything\Waste_Segregation\classify_food\yolov_train_data\train\veg\314.jpg,0.99864405,veg
241,C:\Users\adity\Desktop\Everything\Waste_Segregation\classify_food\yolov_train_data\train\veg\315.jpg,0.99915075,veg
242,C:\Users\adity\Desktop\Everything\Waste_Segregation\classify_food\yolov_train_data\train\veg\316.jpg,0.9996809,veg
243,C:\Users\adity\Desktop\Everything\Waste_Segregation\classify_food\yolov_train_data\train\veg\317.jpg,0.9999784,veg
244,C:\Users\adity\Desktop\Everything\Waste_Segregation\classify_food\yolov_train_data\train\veg\318.jpg,0.99994946,veg
245,C:\Users\adity\Desktop\Everything\Waste_Segregation\classify_food\yolov_train_data\train\veg\319.jpg,0.999516,veg
246,C:\Users\adity\Desktop\Everything\Waste_Segregation\classify_food\yolov_train_data\train\veg\32.jpg,0.9965528,veg
247,C:\Users\adity\Desktop\Everything\Waste_Segregation\classify_food\yolov_train_data\train\veg\320.jpg,0.99976176,veg
248,C:\Users\adity\Desktop\Everything\Waste_Segregation\classify_food\yolov_train_data\train\veg\321.jpg,0.9994555,veg
249,C:\Users\adity\Desktop\Everything\Waste_Segregation\classify_food\yolov_train_data\train\veg\322.jpg,0.9999862,veg
250,C:\Users\adity\Desktop\Everything\Waste_Segregation\classify_food\yolov_train_data\train\veg\323.jpg,0.99962544,veg
251,C:\Users\adity\Desktop\Everything\Waste_Segregation\classify_food\yolov_train_data\train\veg\324.jpg,0.9999082,veg
252,C:\Users\adity\Desktop\Everything\Waste_Segregation\classify_food\yolov_train_data\train\veg\325.jpg,0.9999864,veg
253,C:\Users\adity\Desktop\Everything\Waste_Segregation\classify_food\yolov_train_data\train\veg\326.jpg,0.9988601,veg
254,C:\Users\adity\Desktop\Everything\Waste_Segregation\classify_food\yolov_train_data\train\veg\327.jpg,0.99940515,veg
255,C:\Users\adity\Desktop\Everything\Waste_Segregation\classify_food\yolov_train_data\train\veg\328.jpg,0.99999523,veg
256,C:\Users\adity\Desktop\Everything\Waste_Segregation\classify_food\yolov_train_data\train\veg\329.jpg,0.99970967,veg
257,C:\Users\adity\Desktop\Everything\Waste_Segregation\classify_food\yolov_train_data\train\veg\33.jpg,0.99981934,veg
258,C:\Users\adity\Desktop\Everything\Waste_Segregation\classify_food\yolov_train_data\train\veg\330.jpg,0.99931717,veg
259,C:\Users\adity\Desktop\Everything\Waste_Segregation\classify_food\yolov_train_data\train\veg\331.jpg,0.9999298,veg
260,C:\Users\adity\Desktop\Everything\Waste_Segregation\classify_food\yolov_train_data\train\veg\332.jpg,0.99995065,veg
261,C:\Users\adity\Desktop\Everything\Waste_Segregation\classify_food\yolov_train_data\train\veg\333.jpg,0.99946946,veg
262,C:\Users\adity\Desktop\Everything\Waste_Segregation\classify_food\yolov_train_data\train\veg\334.jpg,0.9995801,veg
263,C:\Users\adity\Desktop\Everything\Waste_Segregation\classify_food\yolov_train_data\train\veg\335.jpg,0.9999167,veg
264,C:\Users\adity\Desktop\Everything\Waste_Segregation\classify_food\yolov_train_data\train\veg\336.jpg,0.99988985,veg
265,C:\Users\adity\Desktop\Everything\Waste_Segregation\classify_food\yolov_train_data\train\veg\337.jpg,0.99987376,veg
266,C:\Users\adity\Desktop\Everything\Waste_Segregation\classify_food\yolov_train_data\train\veg\338.jpg,0.9998814,veg
267,C:\Users\adity\Desktop\Everything\Waste_Segregation\classify_food\yolov_train_data\train\veg\339.jpg,0.999998,veg
268,C:\Users\adity\Desktop\Everything\Waste_Segregation\classify_food\yolov_train_data\train\veg\34.jpg,0.99976176,veg
269,C:\Users\adity\Desktop\Everything\Waste_Segregation\classify_food\yolov_train_data\train\veg\340.jpg,0.9999207,veg
270,C:\Users\adity\Desktop\Everything\Waste_Segregation\classify_food\yolov_train_data\train\veg\341.jpg,0.9999597,veg
271,C:\Users\adity\Desktop\Everything\Waste_Segregation\classify_food\yolov_train_data\train\veg\342.jpg,0.9999901,veg
272,C:\Users\adity\Desktop\Everything\Waste_Segregation\classify_food\yolov_train_data\train\veg\343.jpg,0.9967668,veg
273,C:\Users\adity\Desktop\Everything\Waste_Segregation\classify_food\yolov_train_data\train\veg\344.jpg,0.99997866,veg
274,C:\Users\adity\Desktop\Everything\Waste_Segregation\classify_food\yolov_train_data\train\veg\345.jpg,0.99994195,veg
275,C:\Users\adity\Desktop\Everything\Waste_Segregation\classify_food\yolov_train_data\train\veg\346.jpg,0.99957544,veg
276,C:\Users\adity\Desktop\Everything\Waste_Segregation\classify_food\yolov_train_data\train\veg\347.jpg,0.99988174,veg
277,C:\Users\adity\Desktop\Everything\Waste_Segregation\classify_food\yolov_train_data\train\veg\348.jpg,0.99996996,veg
278,C:\Users\adity\Desktop\Everything\Waste_Segregation\classify_food\yolov_train_data\train\veg\349.jpg,0.9975091,veg
279,C:\Users\adity\Desktop\Everything\Waste_Segregation\classify_food\yolov_train_data\train\veg\35.jpg,0.9999808,veg
280,C:\Users\adity\Desktop\Everything\Waste_Segregation\classify_food\yolov_train_data\train\veg\350.jpg,0.9999968,veg
281,C:\Users\adity\Desktop\Everything\Waste_Segregation\classify_food\yolov_train_data\train\veg\351.jpg,0.99992263,veg
282,C:\Users\adity\Desktop\Everything\Waste_Segregation\classify_food\yolov_train_data\train\veg\352.jpg,0.9993291,veg
283,C:\Users\adity\Desktop\Everything\Waste_Segregation\classify_food\yolov_train_data\train\veg\353.jpg,0.99999845,veg
284,C:\Users\adity\Desktop\Everything\Waste_Segregation\classify_food\yolov_train_data\train\veg\354.jpg,0.99998367,veg
285,C:\Users\adity\Desktop\Everything\Waste_Segregation\classify_food\yolov_train_data\train\veg\355.jpg,0.99996734,veg
286,C:\Users\adity\Desktop\Everything\Waste_Segregation\classify_food\yolov_train_data\train\veg\356.jpg,0.98754394,veg
287,C:\Users\adity\Desktop\Everything\Waste_Segregation\classify_food\yolov_train_data\train\veg\357.jpg,0.9999974,veg
288,C:\Users\adity\Desktop\Everything\Waste_Segregation\classify_food\yolov_train_data\train\veg\358.jpg,0.99986386,veg
289,C:\Users\adity\Desktop\Everything\Waste_Segregation\classify_food\yolov_train_data\train\veg\359.jpg,0.9929095,veg
290,C:\Users\adity\Desktop\Everything\Waste_Segregation\classify_food\yolov_train_data\train\veg\36.jpg,0.9975005,veg
291,C:\Users\adity\Desktop\Everything\Waste_Segregation\classify_food\yolov_train_data\train\veg\360.jpg,0.9999621,veg
292,C:\Users\adity\Desktop\Everything\Waste_Segregation\classify_food\yolov_train_data\train\veg\361.jpg,0.9999856,veg
293,C:\Users\adity\Desktop\Everything\Waste_Segregation\classify_food\yolov_train_data\train\veg\362.jpg,0.9999198,veg
294,C:\Users\adity\Desktop\Everything\Waste_Segregation\classify_food\yolov_train_data\train\veg\363.jpg,0.9999527,veg
295,C:\Users\adity\Desktop\Everything\Waste_Segregation\classify_food\yolov_train_data\train\veg\364.jpg,0.99991834,veg
296,C:\Users\adity\Desktop\Everything\Waste_Segregation\classify_food\yolov_train_data\train\veg\365.jpg,0.99999523,veg
297,C:\Users\adity\Desktop\Everything\Waste_Segregation\classify_food\yolov_train_data\train\veg\366.jpg,0.99996316,veg
298,C:\Users\adity\Desktop\Everything\Waste_Segregation\classify_food\yolov_train_data\train\veg\367.jpg,0.99999774,veg
299,C:\Users\adity\Desktop\Everything\Waste_Segregation\classify_food\yolov_train_data\train\veg\368.jpg,0.9997491,veg
300,C:\Users\adity\Desktop\Everything\Waste_Segregation\classify_food\yolov_train_data\train\veg\369.jpg,0.9991841,veg
301,C:\Users\adity\Desktop\Everything\Waste_Segregation\classify_food\yolov_train_data\train\veg\37.jpg,0.99998283,veg
302,C:\Users\adity\Desktop\Everything\Waste_Segregation\classify_food\yolov_train_data\train\veg\370.jpg,0.99993014,veg
303,C:\Users\adity\Desktop\Everything\Waste_Segregation\classify_food\yolov_train_data\train\veg\371.jpg,0.99996054,veg
304,C:\Users\adity\Desktop\Everything\Waste_Segregation\classify_food\yolov_train_data\train\veg\372.jpg,0.99999845,veg
305,C:\Users\adity\Desktop\Everything\Waste_Segregation\classify_food\yolov_train_data\train\veg\373.jpg,0.9999796,veg
306,C:\Users\adity\Desktop\Everything\Waste_Segregation\classify_food\yolov_train_data\train\veg\374.jpg,0.99997926,veg
307,C:\Users\adity\Desktop\Everything\Waste_Segregation\classify_food\yolov_train_data\train\veg\375.jpg,0.99999404,veg
308,C:\Users\adity\Desktop\Everything\Waste_Segregation\classify_food\yolov_train_data\train\veg\376.jpg,0.99999416,veg
309,C:\Users\adity\Desktop\Everything\Waste_Segregation\classify_food\yolov_train_data\train\veg\377.jpg,0.9995254,veg
310,C:\Users\adity\Desktop\Everything\Waste_Segregation\classify_food\yolov_train_data\train\veg\378.jpg,0.9992291,veg
311,C:\Users\adity\Desktop\Everything\Waste_Segregation\classify_food\yolov_train_data\train\veg\379.jpg,0.99888676,veg
312,C:\Users\adity\Desktop\Everything\Waste_Segregation\classify_food\yolov_train_data\train\veg\38.jpg,0.99973756,veg
313,C:\Users\adity\Desktop\Everything\Waste_Segregation\classify_food\yolov_train_data\train\veg\380.jpg,0.9998522,veg
314,C:\Users\adity\Desktop\Everything\Waste_Segregation\classify_food\yolov_train_data\train\veg\381.jpg,0.9999579,veg
315,C:\Users\adity\Desktop\Everything\Waste_Segregation\classify_food\yolov_train_data\train\veg\382.jpg,0.99995637,veg
316,C:\Users\adity\Desktop\Everything\Waste_Segregation\classify_food\yolov_train_data\train\veg\383.jpg,0.9999286,veg
317,C:\Users\adity\Desktop\Everything\Waste_Segregation\classify_food\yolov_train_data\train\veg\384.jpg,0.9999875,veg
318,C:\Users\adity\Desktop\Everything\Waste_Segregation\classify_food\yolov_train_data\train\veg\385.jpg,0.9996475,veg
319,C:\Users\adity\Desktop\Everything\Waste_Segregation\classify_food\yolov_train_data\train\veg\386.jpg,0.9999653,veg
320,C:\Users\adity\Desktop\Everything\Waste_Segregation\classify_food\yolov_train_data\train\veg\387.jpg,0.9999498,veg
321,C:\Users\adity\Desktop\Everything\Waste_Segregation\classify_food\yolov_train_data\train\veg\388.jpg,0.997311,veg
322,C:\Users\adity\Desktop\Everything\Waste_Segregation\classify_food\yolov_train_data\train\veg\389.jpg,0.9999604,veg
323,C:\Users\adity\Desktop\Everything\Waste_Segregation\classify_food\yolov_train_data\train\veg\39.jpg,0.99509215,veg
324,C:\Users\adity\Desktop\Everything\Waste_Segregation\classify_food\yolov_train_data\train\veg\390.jpg,0.99936086,veg
325,C:\Users\adity\Desktop\Everything\Waste_Segregation\classify_food\yolov_train_data\train\veg\391.jpg,0.9999776,veg
326,C:\Users\adity\Desktop\Everything\Waste_Segregation\classify_food\yolov_train_data\train\veg\392.jpg,0.9998447,veg
327,C:\Users\adity\Desktop\Everything\Waste_Segregation\classify_food\yolov_train_data\train\veg\393.jpg,0.9989392,veg
328,C:\Users\adity\Desktop\Everything\Waste_Segregation\classify_food\yolov_train_data\train\veg\394.jpg,0.99996793,veg
329,C:\Users\adity\Desktop\Everything\Waste_Segregation\classify_food\yolov_train_data\train\veg\395.jpg,0.9999759,veg
330,C:\Users\adity\Desktop\Everything\Waste_Segregation\classify_food\yolov_train_data\train\veg\396.jpg,0.9999887,veg
331,C:\Users\adity\Desktop\Everything\Waste_Segregation\classify_food\yolov_train_data\train\veg\397.jpg,0.9999634,veg
332,C:\Users\adity\Desktop\Everything\Waste_Segregation\classify_food\yolov_train_data\train\veg\398.jpg,0.9989717,veg
333,C:\Users\adity\Desktop\Everything\Waste_Segregation\classify_food\yolov_train_data\train\veg\399.jpg,0.99911124,veg
334,C:\Users\adity\Desktop\Everything\Waste_Segregation\classify_food\yolov_train_data\train\veg\4.jpg,0.9999969,veg
335,C:\Users\adity\Desktop\Everything\Waste_Segregation\classify_food\yolov_train_data\train\veg\40.jpg,0.9999856,veg
336,C:\Users\adity\Desktop\Everything\Waste_Segregation\classify_food\yolov_train_data\train\veg\400.jpg,0.9999927,veg
337,C:\Users\adity\Desktop\Everything\Waste_Segregation\classify_food\yolov_train_data\train\veg\401.jpg,0.9999894,veg
338,C:\Users\adity\Desktop\Everything\Waste_Segregation\classify_food\yolov_train_data\train\veg\402.jpg,0.99999213,veg
339,C:\Users\adity\Desktop\Everything\Waste_Segregation\classify_food\yolov_train_data\train\veg\403.jpg,0.99999726,veg
340,C:\Users\adity\Desktop\Everything\Waste_Segregation\classify_food\yolov_train_data\train\veg\404.jpg,0.9999596,veg
341,C:\Users\adity\Desktop\Everything\Waste_Segregation\classify_food\yolov_train_data\train\veg\405.jpg,0.98823,veg
342,C:\Users\adity\Desktop\Everything\Waste_Segregation\classify_food\yolov_train_data\train\veg\406.jpg,0.9993443,veg
343,C:\Users\adity\Desktop\Everything\Waste_Segregation\classify_food\yolov_train_data\train\veg\407.jpg,0.99987936,veg
344,C:\Users\adity\Desktop\Everything\Waste_Segregation\classify_food\yolov_train_data\train\veg\408.jpg,0.9999281,veg
345,C:\Users\adity\Desktop\Everything\Waste_Segregation\classify_food\yolov_train_data\train\veg\409.jpg,0.9999224,veg
346,C:\Users\adity\Desktop\Everything\Waste_Segregation\classify_food\yolov_train_data\train\veg\41.jpg,0.99986947,veg
347,C:\Users\adity\Desktop\Everything\Waste_Segregation\classify_food\yolov_train_data\train\veg\410.jpg,0.99999225,veg
348,C:\Users\adity\Desktop\Everything\Waste_Segregation\classify_food\yolov_train_data\train\veg\411.jpg,0.99998856,veg
349,C:\Users\adity\Desktop\Everything\Waste_Segregation\classify_food\yolov_train_data\train\veg\412.jpg,0.9999863,veg
350,C:\Users\adity\Desktop\Everything\Waste_Segregation\classify_food\yolov_train_data\train\veg\413.jpg,0.9998995,veg
351,C:\Users\adity\Desktop\Everything\Waste_Segregation\classify_food\yolov_train_data\train\veg\414.jpg,0.9998616,veg
352,C:\Users\adity\Desktop\Everything\Waste_Segregation\classify_food\yolov_train_data\train\veg\415.jpg,0.9999857,veg
353,C:\Users\adity\Desktop\Everything\Waste_Segregation\classify_food\yolov_train_data\train\veg\416.jpg,0.9999244,veg
354,C:\Users\adity\Desktop\Everything\Waste_Segregation\classify_food\yolov_train_data\train\veg\417.jpg,0.99999774,veg
355,C:\Users\adity\Desktop\Everything\Waste_Segregation\classify_food\yolov_train_data\train\veg\418.jpg,0.9978811,veg
356,C:\Users\adity\Desktop\Everything\Waste_Segregation\classify_food\yolov_train_data\train\veg\419.jpg,0.9997824,veg
357,C:\Users\adity\Desktop\Everything\Waste_Segregation\classify_food\yolov_train_data\train\veg\42.jpg,0.9998752,veg
358,C:\Users\adity\Desktop\Everything\Waste_Segregation\classify_food\yolov_train_data\train\veg\420.jpg,0.99999964,veg
359,C:\Users\adity\Desktop\Everything\Waste_Segregation\classify_food\yolov_train_data\train\veg\421.jpg,0.9994375,veg
360,C:\Users\adity\Desktop\Everything\Waste_Segregation\classify_food\yolov_train_data\train\veg\422.jpg,0.9999627,veg
361,C:\Users\adity\Desktop\Everything\Waste_Segregation\classify_food\yolov_train_data\train\veg\423.jpg,0.99963796,veg
362,C:\Users\adity\Desktop\Everything\Waste_Segregation\classify_food\yolov_train_data\train\veg\424.jpg,0.9981597,veg
363,C:\Users\adity\Desktop\Everything\Waste_Segregation\classify_food\yolov_train_data\train\veg\425.jpg,0.99990714,veg
364,C:\Users\adity\Desktop\Everything\Waste_Segregation\classify_food\yolov_train_data\train\veg\426.jpg,0.9995333,veg
365,C:\Users\adity\Desktop\Everything\Waste_Segregation\classify_food\yolov_train_data\train\veg\427.jpg,0.9997249,veg
366,C:\Users\adity\Desktop\Everything\Waste_Segregation\classify_food\yolov_train_data\train\veg\428.jpg,0.99999166,veg
367,C:\Users\adity\Desktop\Everything\Waste_Segregation\classify_food\yolov_train_data\train\veg\429.jpg,0.9999385,veg
368,C:\Users\adity\Desktop\Everything\Waste_Segregation\classify_food\yolov_train_data\train\veg\43.jpg,0.9999124,veg
369,C:\Users\adity\Desktop\Everything\Waste_Segregation\classify_food\yolov_train_data\train\veg\430.jpg,0.9993818,veg
370,C:\Users\adity\Desktop\Everything\Waste_Segregation\classify_food\yolov_train_data\train\veg\431.jpg,0.99048537,veg
371,C:\Users\adity\Desktop\Everything\Waste_Segregation\classify_food\yolov_train_data\train\veg\432.jpg,0.9999864,veg
372,C:\Users\adity\Desktop\Everything\Waste_Segregation\classify_food\yolov_train_data\train\veg\433.jpg,0.9995524,veg
373,C:\Users\adity\Desktop\Everything\Waste_Segregation\classify_food\yolov_train_data\train\veg\434.jpg,0.9928054,veg
374,C:\Users\adity\Desktop\Everything\Waste_Segregation\classify_food\yolov_train_data\train\veg\435.jpg,0.99996793,veg
375,C:\Users\adity\Desktop\Everything\Waste_Segregation\classify_food\yolov_train_data\train\veg\436.jpg,0.9999912,veg
376,C:\Users\adity\Desktop\Everything\Waste_Segregation\classify_food\yolov_train_data\train\veg\437.jpg,0.9995524,veg
377,C:\Users\adity\Desktop\Everything\Waste_Segregation\classify_food\yolov_train_data\train\veg\438.jpg,0.99998677,veg
378,C:\Users\adity\Desktop\Everything\Waste_Segregation\classify_food\yolov_train_data\train\veg\439.jpg,0.9944248,veg
379,C:\Users\adity\Desktop\Everything\Waste_Segregation\classify_food\yolov_train_data\train\veg\44.jpg,0.9999739,veg
380,C:\Users\adity\Desktop\Everything\Waste_Segregation\classify_food\yolov_train_data\train\veg\440.jpg,0.99998343,veg
381,C:\Users\adity\Desktop\Everything\Waste_Segregation\classify_food\yolov_train_data\train\veg\441.jpg,0.99981374,veg
382,C:\Users\adity\Desktop\Everything\Waste_Segregation\classify_food\yolov_train_data\train\veg\442.jpg,0.9999262,veg
383,C:\Users\adity\Desktop\Everything\Waste_Segregation\classify_food\yolov_train_data\train\veg\443.jpg,0.9999304,veg
384,C:\Users\adity\Desktop\Everything\Waste_Segregation\classify_food\yolov_train_data\train\veg\444.jpg,0.9992712,veg
385,C:\Users\adity\Desktop\Everything\Waste_Segregation\classify_food\yolov_train_data\train\veg\445.jpg,0.9998766,veg
386,C:\Users\adity\Desktop\Everything\Waste_Segregation\classify_food\yolov_train_data\train\veg\446.jpg,0.9999422,veg
387,C:\Users\adity\Desktop\Everything\Waste_Segregation\classify_food\yolov_train_data\train\veg\447.jpg,0.9996007,veg
388,C:\Users\adity\Desktop\Everything\Waste_Segregation\classify_food\yolov_train_data\train\veg\448.jpg,0.9997545,veg
389,C:\Users\adity\Desktop\Everything\Waste_Segregation\classify_food\yolov_train_data\train\veg\449.jpg,0.99999857,veg
390,C:\Users\adity\Desktop\Everything\Waste_Segregation\classify_food\yolov_train_data\train\veg\45.jpg,0.9997925,veg
391,C:\Users\adity\Desktop\Everything\Waste_Segregation\classify_food\yolov_train_data\train\veg\450.jpg,0.9972402,veg
392,C:\Users\adity\Desktop\Everything\Waste_Segregation\classify_food\yolov_train_data\train\veg\451.jpg,0.99988556,veg
393,C:\Users\adity\Desktop\Everything\Waste_Segregation\classify_food\yolov_train_data\train\veg\452.jpg,0.99981254,veg
394,C:\Users\adity\Desktop\Everything\Waste_Segregation\classify_food\yolov_train_data\train\veg\453.jpg,0.999944,veg
395,C:\Users\adity\Desktop\Everything\Waste_Segregation\classify_food\yolov_train_data\train\veg\454.jpg,0.99998355,veg
396,C:\Users\adity\Desktop\Everything\Waste_Segregation\classify_food\yolov_train_data\train\veg\455.jpg,0.99999034,veg
397,C:\Users\adity\Desktop\Everything\Waste_Segregation\classify_food\yolov_train_data\train\veg\456.jpg,0.9978999,veg
398,C:\Users\adity\Desktop\Everything\Waste_Segregation\classify_food\yolov_train_data\train\veg\457.jpg,0.999828,veg
399,C:\Users\adity\Desktop\Everything\Waste_Segregation\classify_food\yolov_train_data\train\veg\458.jpg,0.9999294,veg
400,C:\Users\adity\Desktop\Everything\Waste_Segregation\classify_food\yolov_train_data\train\veg\459.jpg,0.99998987,veg
401,C:\Users\adity\Desktop\Everything\Waste_Segregation\classify_food\yolov_train_data\train\veg\46.jpg,0.99890757,veg
402,C:\Users\adity\Desktop\Everything\Waste_Segregation\classify_food\yolov_train_data\train\veg\460.jpg,0.99770975,veg
403,C:\Users\adity\Desktop\Everything\Waste_Segregation\classify_food\yolov_train_data\train\veg\461.jpg,0.99988043,veg
404,C:\Users\adity\Desktop\Everything\Waste_Segregation\classify_food\yolov_train_data\train\veg\462.jpg,0.9998275,veg
405,C:\Users\adity\Desktop\Everything\Waste_Segregation\classify_food\yolov_train_data\train\veg\463.jpg,0.9999703,veg
406,C:\Users\adity\Desktop\Everything\Waste_Segregation\classify_food\yolov_train_data\train\veg\464.jpg,0.999851,veg
407,C:\Users\adity\Desktop\Everything\Waste_Segregation\classify_food\yolov_train_data\train\veg\465.jpg,0.99999833,veg
408,C:\Users\adity\Desktop\Everything\Waste_Segregation\classify_food\yolov_train_data\train\veg\466.jpg,0.99999714,veg
409,C:\Users\adity\Desktop\Everything\Waste_Segregation\classify_food\yolov_train_data\train\veg\467.jpg,0.9999589,veg
410,C:\Users\adity\Desktop\Everything\Waste_Segregation\classify_food\yolov_train_data\train\veg\468.jpg,0.9994566,veg
411,C:\Users\adity\Desktop\Everything\Waste_Segregation\classify_food\yolov_train_data\train\veg\469.jpg,0.9997002,veg
412,C:\Users\adity\Desktop\Everything\Waste_Segregation\classify_food\yolov_train_data\train\veg\47.jpg,0.999969,veg
413,C:\Users\adity\Desktop\Everything\Waste_Segregation\classify_food\yolov_train_data\train\veg\470.jpg,0.99966407,veg
414,C:\Users\adity\Desktop\Everything\Waste_Segregation\classify_food\yolov_train_data\train\veg\471.jpg,0.99977094,veg
415,C:\Users\adity\Desktop\Everything\Waste_Segregation\classify_food\yolov_train_data\train\veg\472.jpg,0.9998766,veg
416,C:\Users\adity\Desktop\Everything\Waste_Segregation\classify_food\yolov_train_data\train\veg\473.jpg,0.9996295,veg
417,C:\Users\adity\Desktop\Everything\Waste_Segregation\classify_food\yolov_train_data\train\veg\474.jpg,0.99997747,veg
418,C:\Users\adity\Desktop\Everything\Waste_Segregation\classify_food\yolov_train_data\train\veg\475.jpg,0.99898106,veg
419,C:\Users\adity\Desktop\Everything\Waste_Segregation\classify_food\yolov_train_data\train\veg\476.jpg,0.99994445,veg
420,C:\Users\adity\Desktop\Everything\Waste_Segregation\classify_food\yolov_train_data\train\veg\477.jpg,0.99991024,veg
421,C:\Users\adity\Desktop\Everything\Waste_Segregation\classify_food\yolov_train_data\train\veg\478.jpg,0.9999685,veg
422,C:\Users\adity\Desktop\Everything\Waste_Segregation\classify_food\yolov_train_data\train\veg\479.jpg,0.99983525,veg
423,C:\Users\adity\Desktop\Everything\Waste_Segregation\classify_food\yolov_train_data\train\veg\48.jpg,0.99997747,veg
424,C:\Users\adity\Desktop\Everything\Waste_Segregation\classify_food\yolov_train_data\train\veg\480.jpg,0.99896455,veg
425,C:\Users\adity\Desktop\Everything\Waste_Segregation\classify_food\yolov_train_data\train\veg\481.jpg,0.99997044,veg
426,C:\Users\adity\Desktop\Everything\Waste_Segregation\classify_food\yolov_train_data\train\veg\482.jpg,0.99981254,veg
427,C:\Users\adity\Desktop\Everything\Waste_Segregation\classify_food\yolov_train_data\train\veg\483.jpg,0.9968442,veg
428,C:\Users\adity\Desktop\Everything\Waste_Segregation\classify_food\yolov_train_data\train\veg\484.jpg,0.9999877,veg
429,C:\Users\adity\Desktop\Everything\Waste_Segregation\classify_food\yolov_train_data\train\veg\485.jpg,0.99970275,veg
430,C:\Users\adity\Desktop\Everything\Waste_Segregation\classify_food\yolov_train_data\train\veg\486.jpg,0.99990356,veg
431,C:\Users\adity\Desktop\Everything\Waste_Segregation\classify_food\yolov_train_data\train\veg\487.jpg,0.9999461,veg
432,C:\Users\adity\Desktop\Everything\Waste_Segregation\classify_food\yolov_train_data\train\veg\488.jpg,0.9994704,veg
433,C:\Users\adity\Desktop\Everything\Waste_Segregation\classify_food\yolov_train_data\train\veg\489.jpg,0.99952674,veg
434,C:\Users\adity\Desktop\Everything\Waste_Segregation\classify_food\yolov_train_data\train\veg\49.jpg,0.999866,veg
435,C:\Users\adity\Desktop\Everything\Waste_Segregation\classify_food\yolov_train_data\train\veg\490.jpg,0.9999635,veg
436,C:\Users\adity\Desktop\Everything\Waste_Segregation\classify_food\yolov_train_data\train\veg\491.jpg,0.99763775,veg
437,C:\Users\adity\Desktop\Everything\Waste_Segregation\classify_food\yolov_train_data\train\veg\492.jpg,0.98864824,veg
438,C:\Users\adity\Desktop\Everything\Waste_Segregation\classify_food\yolov_train_data\train\veg\493.jpg,0.999992,veg
439,C:\Users\adity\Desktop\Everything\Waste_Segregation\classify_food\yolov_train_data\train\veg\494.jpg,0.9994289,veg
440,C:\Users\adity\Desktop\Everything\Waste_Segregation\classify_food\yolov_train_data\train\veg\495.jpg,0.9998381,veg
441,C:\Users\adity\Desktop\Everything\Waste_Segregation\classify_food\yolov_train_data\train\veg\496.jpg,0.9997329,veg
442,C:\Users\adity\Desktop\Everything\Waste_Segregation\classify_food\yolov_train_data\train\veg\497.jpg,0.99984086,veg
443,C:\Users\adity\Desktop\Everything\Waste_Segregation\classify_food\yolov_train_data\train\veg\498.jpg,0.99995446,veg
444,C:\Users\adity\Desktop\Everything\Waste_Segregation\classify_food\yolov_train_data\train\veg\499.jpg,0.99979514,veg
445,C:\Users\adity\Desktop\Everything\Waste_Segregation\classify_food\yolov_train_data\train\veg\5.jpg,0.9999944,veg
446,C:\Users\adity\Desktop\Everything\Waste_Segregation\classify_food\yolov_train_data\train\veg\50.jpg,0.99999475,veg
447,C:\Users\adity\Desktop\Everything\Waste_Segregation\classify_food\yolov_train_data\train\veg\500.jpg,0.9999405,veg
448,C:\Users\adity\Desktop\Everything\Waste_Segregation\classify_food\yolov_train_data\train\veg\501.jpg,0.9998658,veg
449,C:\Users\adity\Desktop\Everything\Waste_Segregation\classify_food\yolov_train_data\train\veg\502.jpg,0.9999951,veg
450,C:\Users\adity\Desktop\Everything\Waste_Segregation\classify_food\yolov_train_data\train\veg\503.jpg,0.9999683,veg
451,C:\Users\adity\Desktop\Everything\Waste_Segregation\classify_food\yolov_train_data\train\veg\504.jpg,0.9999194,veg
452,C:\Users\adity\Desktop\Everything\Waste_Segregation\classify_food\yolov_train_data\train\veg\505.jpg,0.9996656,veg
453,C:\Users\adity\Desktop\Everything\Waste_Segregation\classify_food\yolov_train_data\train\veg\506.jpg,0.9999496,veg
454,C:\Users\adity\Desktop\Everything\Waste_Segregation\classify_food\yolov_train_data\train\veg\507.jpg,0.99996805,veg
455,C:\Users\adity\Desktop\Everything\Waste_Segregation\classify_food\yolov_train_data\train\veg\508.jpg,0.99829406,veg
456,C:\Users\adity\Desktop\Everything\Waste_Segregation\classify_food\yolov_train_data\train\veg\509.jpg,0.9998777,veg
457,C:\Users\adity\Desktop\Everything\Waste_Segregation\classify_food\yolov_train_data\train\veg\51.jpg,0.9982033,veg
458,C:\Users\adity\Desktop\Everything\Waste_Segregation\classify_food\yolov_train_data\train\veg\510.jpg,0.99947995,veg
459,C:\Users\adity\Desktop\Everything\Waste_Segregation\classify_food\yolov_train_data\train\veg\511.jpg,0.999564,veg
460,C:\Users\adity\Desktop\Everything\Waste_Segregation\classify_food\yolov_train_data\train\veg\512.jpg,0.9998797,veg
461,C:\Users\adity\Desktop\Everything\Waste_Segregation\classify_food\yolov_train_data\train\veg\513.jpg,0.9910615,veg
462,C:\Users\adity\Desktop\Everything\Waste_Segregation\classify_food\yolov_train_data\train\veg\514.jpg,0.9999901,veg
463,C:\Users\adity\Desktop\Everything\Waste_Segregation\classify_food\yolov_train_data\train\veg\515.jpg,0.99976355,veg
464,C:\Users\adity\Desktop\Everything\Waste_Segregation\classify_food\yolov_train_data\train\veg\516.jpg,0.9996086,veg
465,C:\Users\adity\Desktop\Everything\Waste_Segregation\classify_food\yolov_train_data\train\veg\517.jpg,0.9995956,veg
466,C:\Users\adity\Desktop\Everything\Waste_Segregation\classify_food\yolov_train_data\train\veg\518.jpg,0.99999285,veg
467,C:\Users\adity\Desktop\Everything\Waste_Segregation\classify_food\yolov_train_data\train\veg\519.jpg,0.99928683,veg
468,C:\Users\adity\Desktop\Everything\Waste_Segregation\classify_food\yolov_train_data\train\veg\52.jpg,0.99999225,veg
469,C:\Users\adity\Desktop\Everything\Waste_Segregation\classify_food\yolov_train_data\train\veg\520.jpg,0.99997866,veg
470,C:\Users\adity\Desktop\Everything\Waste_Segregation\classify_food\yolov_train_data\train\veg\521.jpg,0.99992096,veg
471,C:\Users\adity\Desktop\Everything\Waste_Segregation\classify_food\yolov_train_data\train\veg\522.jpg,0.99993515,veg
472,C:\Users\adity\Desktop\Everything\Waste_Segregation\classify_food\yolov_train_data\train\veg\523.jpg,0.9999281,veg
473,C:\Users\adity\Desktop\Everything\Waste_Segregation\classify_food\yolov_train_data\train\veg\524.jpg,0.99995005,veg
474,C:\Users\adity\Desktop\Everything\Waste_Segregation\classify_food\yolov_train_data\train\veg\525.jpg,0.9999814,veg
475,C:\Users\adity\Desktop\Everything\Waste_Segregation\classify_food\yolov_train_data\train\veg\526.jpg,0.9999887,veg
476,C:\Users\adity\Desktop\Everything\Waste_Segregation\classify_food\yolov_train_data\train\veg\527.jpg,0.9999962,veg
477,C:\Users\adity\Desktop\Everything\Waste_Segregation\classify_food\yolov_train_data\train\veg\528.jpg,0.99992704,veg
478,C:\Users\adity\Desktop\Everything\Waste_Segregation\classify_food\yolov_train_data\train\veg\529.jpg,0.9999213,veg
479,C:\Users\adity\Desktop\Everything\Waste_Segregation\classify_food\yolov_train_data\train\veg\53.jpg,0.9998085,veg
480,C:\Users\adity\Desktop\Everything\Waste_Segregation\classify_food\yolov_train_data\train\veg\530.jpg,0.9996983,veg
481,C:\Users\adity\Desktop\Everything\Waste_Segregation\classify_food\yolov_train_data\train\veg\531.jpg,0.9999411,veg
482,C:\Users\adity\Desktop\Everything\Waste_Segregation\classify_food\yolov_train_data\train\veg\532.jpg,0.9998324,veg
483,C:\Users\adity\Desktop\Everything\Waste_Segregation\classify_food\yolov_train_data\train\veg\533.jpg,0.9998511,veg
484,C:\Users\adity\Desktop\Everything\Waste_Segregation\classify_food\yolov_train_data\train\veg\534.jpg,0.99997723,veg
485,C:\Users\adity\Desktop\Everything\Waste_Segregation\classify_food\yolov_train_data\train\veg\535.jpg,0.999877,veg
486,C:\Users\adity\Desktop\Everything\Waste_Segregation\classify_food\yolov_train_data\train\veg\536.jpg,0.99942017,veg
487,C:\Users\adity\Desktop\Everything\Waste_Segregation\classify_food\yolov_train_data\train\veg\537.jpg,0.99726117,veg
488,C:\Users\adity\Desktop\Everything\Waste_Segregation\classify_food\yolov_train_data\train\veg\538.jpg,0.9988036,veg
489,C:\Users\adity\Desktop\Everything\Waste_Segregation\classify_food\yolov_train_data\train\veg\539.jpg,0.99992836,veg
490,C:\Users\adity\Desktop\Everything\Waste_Segregation\classify_food\yolov_train_data\train\veg\54.jpg,0.99987364,veg
491,C:\Users\adity\Desktop\Everything\Waste_Segregation\classify_food\yolov_train_data\train\veg\540.jpg,0.9999398,veg
492,C:\Users\adity\Desktop\Everything\Waste_Segregation\classify_food\yolov_train_data\train\veg\541.jpg,0.9998919,veg
493,C:\Users\adity\Desktop\Everything\Waste_Segregation\classify_food\yolov_train_data\train\veg\542.jpg,0.9979138,veg
494,C:\Users\adity\Desktop\Everything\Waste_Segregation\classify_food\yolov_train_data\train\veg\543.jpg,0.9705759,veg
495,C:\Users\adity\Desktop\Everything\Waste_Segregation\classify_food\yolov_train_data\train\veg\544.jpg,0.9999982,veg
496,C:\Users\adity\Desktop\Everything\Waste_Segregation\classify_food\yolov_train_data\train\veg\545.jpg,0.99903035,veg
497,C:\Users\adity\Desktop\Everything\Waste_Segregation\classify_food\yolov_train_data\train\veg\546.jpg,0.9999739,veg
498,C:\Users\adity\Desktop\Everything\Waste_Segregation\classify_food\yolov_train_data\train\veg\547.jpg,0.999974,veg
499,C:\Users\adity\Desktop\Everything\Waste_Segregation\classify_food\yolov_train_data\train\veg\548.jpg,0.9999505,veg
500,C:\Users\adity\Desktop\Everything\Waste_Segregation\classify_food\yolov_train_data\train\veg\549.jpg,0.9890315,veg
501,C:\Users\adity\Desktop\Everything\Waste_Segregation\classify_food\yolov_train_data\train\veg\55.jpg,0.999838,veg
502,C:\Users\adity\Desktop\Everything\Waste_Segregation\classify_food\yolov_train_data\train\veg\550.jpg,0.99931717,veg
503,C:\Users\adity\Desktop\Everything\Waste_Segregation\classify_food\yolov_train_data\train\veg\551.jpg,0.99995697,veg
504,C:\Users\adity\Desktop\Everything\Waste_Segregation\classify_food\yolov_train_data\train\veg\552.jpg,0.99999845,veg
505,C:\Users\adity\Desktop\Everything\Waste_Segregation\classify_food\yolov_train_data\train\veg\553.jpg,0.9975932,veg
506,C:\Users\adity\Desktop\Everything\Waste_Segregation\classify_food\yolov_train_data\train\veg\554.jpg,0.90230393,veg
507,C:\Users\adity\Desktop\Everything\Waste_Segregation\classify_food\yolov_train_data\train\veg\555.jpg,0.9998957,veg
508,C:\Users\adity\Desktop\Everything\Waste_Segregation\classify_food\yolov_train_data\train\veg\556.jpg,0.9999982,veg
509,C:\Users\adity\Desktop\Everything\Waste_Segregation\classify_food\yolov_train_data\train\veg\557.jpg,0.99999917,veg
510,C:\Users\adity\Desktop\Everything\Waste_Segregation\classify_food\yolov_train_data\train\veg\558.jpg,0.99717367,veg
511,C:\Users\adity\Desktop\Everything\Waste_Segregation\classify_food\yolov_train_data\train\veg\559.jpg,0.9999831,veg
512,C:\Users\adity\Desktop\Everything\Waste_Segregation\classify_food\yolov_train_data\train\veg\56.jpg,0.9999255,veg
513,C:\Users\adity\Desktop\Everything\Waste_Segregation\classify_food\yolov_train_data\train\veg\560.jpg,0.9957676,veg
514,C:\Users\adity\Desktop\Everything\Waste_Segregation\classify_food\yolov_train_data\train\veg\561.jpg,0.9936885,veg
515,C:\Users\adity\Desktop\Everything\Waste_Segregation\classify_food\yolov_train_data\train\veg\562.jpg,0.9995436,veg
516,C:\Users\adity\Desktop\Everything\Waste_Segregation\classify_food\yolov_train_data\train\veg\563.jpg,0.9998611,veg
517,C:\Users\adity\Desktop\Everything\Waste_Segregation\classify_food\yolov_train_data\train\veg\564.jpg,0.9999331,veg
518,C:\Users\adity\Desktop\Everything\Waste_Segregation\classify_food\yolov_train_data\train\veg\565.jpg,0.99938595,veg
519,C:\Users\adity\Desktop\Everything\Waste_Segregation\classify_food\yolov_train_data\train\veg\566.jpg,0.9999944,veg
520,C:\Users\adity\Desktop\Everything\Waste_Segregation\classify_food\yolov_train_data\train\veg\567.jpg,0.99861133,veg
521,C:\Users\adity\Desktop\Everything\Waste_Segregation\classify_food\yolov_train_data\train\veg\568.jpg,0.999405,veg
522,C:\Users\adity\Desktop\Everything\Waste_Segregation\classify_food\yolov_train_data\train\veg\569.jpg,0.99987245,veg
523,C:\Users\adity\Desktop\Everything\Waste_Segregation\classify_food\yolov_train_data\train\veg\57.jpg,0.9999622,veg
524,C:\Users\adity\Desktop\Everything\Waste_Segregation\classify_food\yolov_train_data\train\veg\570.jpg,0.99999404,veg
525,C:\Users\adity\Desktop\Everything\Waste_Segregation\classify_food\yolov_train_data\train\veg\571.jpg,0.99952257,veg
526,C:\Users\adity\Desktop\Everything\Waste_Segregation\classify_food\yolov_train_data\train\veg\572.jpg,0.99999404,veg
527,C:\Users\adity\Desktop\Everything\Waste_Segregation\classify_food\yolov_train_data\train\veg\573.jpg,0.9999167,veg
528,C:\Users\adity\Desktop\Everything\Waste_Segregation\classify_food\yolov_train_data\train\veg\574.jpg,0.99987054,veg
529,C:\Users\adity\Desktop\Everything\Waste_Segregation\classify_food\yolov_train_data\train\veg\575.jpg,0.99951315,veg
530,C:\Users\adity\Desktop\Everything\Waste_Segregation\classify_food\yolov_train_data\train\veg\576.jpg,0.99938715,veg
531,C:\Users\adity\Desktop\Everything\Waste_Segregation\classify_food\yolov_train_data\train\veg\577.jpg,0.9988758,veg
532,C:\Users\adity\Desktop\Everything\Waste_Segregation\classify_food\yolov_train_data\train\veg\578.jpg,0.9999665,veg
533,C:\Users\adity\Desktop\Everything\Waste_Segregation\classify_food\yolov_train_data\train\veg\579.jpg,0.99842536,veg
534,C:\Users\adity\Desktop\Everything\Waste_Segregation\classify_food\yolov_train_data\train\veg\58.jpg,0.9999641,veg
535,C:\Users\adity\Desktop\Everything\Waste_Segregation\classify_food\yolov_train_data\train\veg\580.jpg,0.9997838,veg
536,C:\Users\adity\Desktop\Everything\Waste_Segregation\classify_food\yolov_train_data\train\veg\581.jpg,0.9999831,veg
537,C:\Users\adity\Desktop\Everything\Waste_Segregation\classify_food\yolov_train_data\train\veg\582.jpg,0.9999925,veg
538,C:\Users\adity\Desktop\Everything\Waste_Segregation\classify_food\yolov_train_data\train\veg\583.jpg,0.99997485,veg
539,C:\Users\adity\Desktop\Everything\Waste_Segregation\classify_food\yolov_train_data\train\veg\584.jpg,0.999721,veg
540,C:\Users\adity\Desktop\Everything\Waste_Segregation\classify_food\yolov_train_data\train\veg\585.jpg,0.9999672,veg
541,C:\Users\adity\Desktop\Everything\Waste_Segregation\classify_food\yolov_train_data\train\veg\586.jpg,0.99998355,veg
542,C:\Users\adity\Desktop\Everything\Waste_Segregation\classify_food\yolov_train_data\train\veg\587.jpg,0.9910184,veg
543,C:\Users\adity\Desktop\Everything\Waste_Segregation\classify_food\yolov_train_data\train\veg\588.jpg,0.9998747,veg
544,C:\Users\adity\Desktop\Everything\Waste_Segregation\classify_food\yolov_train_data\train\veg\589.jpg,0.9991955,veg
545,C:\Users\adity\Desktop\Everything\Waste_Segregation\classify_food\yolov_train_data\train\veg\59.jpg,0.9997856,veg
546,C:\Users\adity\Desktop\Everything\Waste_Segregation\classify_food\yolov_train_data\train\veg\590.jpg,0.99999857,veg
547,C:\Users\adity\Desktop\Everything\Waste_Segregation\classify_food\yolov_train_data\train\veg\591.jpg,0.9999987,veg
548,C:\Users\adity\Desktop\Everything\Waste_Segregation\classify_food\yolov_train_data\train\veg\592.jpg,0.9999988,veg
549,C:\Users\adity\Desktop\Everything\Waste_Segregation\classify_food\yolov_train_data\train\veg\593.jpg,0.9839332,veg
550,C:\Users\adity\Desktop\Everything\Waste_Segregation\classify_food\yolov_train_data\train\veg\594.jpg,0.9993369,veg
551,C:\Users\adity\Desktop\Everything\Waste_Segregation\classify_food\yolov_train_data\train\veg\595.jpg,0.9997662,veg
552,C:\Users\adity\Desktop\Everything\Waste_Segregation\classify_food\yolov_train_data\train\veg\596.jpg,0.99979836,veg
553,C:\Users\adity\Desktop\Everything\Waste_Segregation\classify_food\yolov_train_data\train\veg\597.jpg,0.9999988,veg
554,C:\Users\adity\Desktop\Everything\Waste_Segregation\classify_food\yolov_train_data\train\veg\598.jpg,0.99889874,veg
555,C:\Users\adity\Desktop\Everything\Waste_Segregation\classify_food\yolov_train_data\train\veg\599.jpg,0.9978085,veg
556,C:\Users\adity\Desktop\Everything\Waste_Segregation\classify_food\yolov_train_data\train\veg\6.jpg,0.9984059,veg
557,C:\Users\adity\Desktop\Everything\Waste_Segregation\classify_food\yolov_train_data\train\veg\60.jpg,0.99967897,veg
558,C:\Users\adity\Desktop\Everything\Waste_Segregation\classify_food\yolov_train_data\train\veg\600.jpg,0.9998091,veg
559,C:\Users\adity\Desktop\Everything\Waste_Segregation\classify_food\yolov_train_data\train\veg\601.jpg,0.9991635,veg
560,C:\Users\adity\Desktop\Everything\Waste_Segregation\classify_food\yolov_train_data\train\veg\602.jpg,0.9998754,veg
561,C:\Users\adity\Desktop\Everything\Waste_Segregation\classify_food\yolov_train_data\train\veg\603.jpg,0.99989986,veg
562,C:\Users\adity\Desktop\Everything\Waste_Segregation\classify_food\yolov_train_data\train\veg\604.jpg,0.9995493,veg
563,C:\Users\adity\Desktop\Everything\Waste_Segregation\classify_food\yolov_train_data\train\veg\605.jpg,0.999759,veg
564,C:\Users\adity\Desktop\Everything\Waste_Segregation\classify_food\yolov_train_data\train\veg\606.jpg,0.999387,veg
565,C:\Users\adity\Desktop\Everything\Waste_Segregation\classify_food\yolov_train_data\train\veg\607.jpg,0.99993324,veg
566,C:\Users\adity\Desktop\Everything\Waste_Segregation\classify_food\yolov_train_data\train\veg\608.jpg,0.99994123,veg
567,C:\Users\adity\Desktop\Everything\Waste_Segregation\classify_food\yolov_train_data\train\veg\609.jpg,0.9999734,veg
568,C:\Users\adity\Desktop\Everything\Waste_Segregation\classify_food\yolov_train_data\train\veg\61.jpg,0.9999274,veg
569,C:\Users\adity\Desktop\Everything\Waste_Segregation\classify_food\yolov_train_data\train\veg\610.jpg,0.99537295,veg
570,C:\Users\adity\Desktop\Everything\Waste_Segregation\classify_food\yolov_train_data\train\veg\611.jpg,0.9994081,veg
571,C:\Users\adity\Desktop\Everything\Waste_Segregation\classify_food\yolov_train_data\train\veg\612.jpg,0.9990778,veg
572,C:\Users\adity\Desktop\Everything\Waste_Segregation\classify_food\yolov_train_data\train\veg\613.jpg,0.9999939,veg
573,C:\Users\adity\Desktop\Everything\Waste_Segregation\classify_food\yolov_train_data\train\veg\614.jpg,0.9987979,veg
574,C:\Users\adity\Desktop\Everything\Waste_Segregation\classify_food\yolov_train_data\train\veg\615.jpg,0.9999858,veg
575,C:\Users\adity\Desktop\Everything\Waste_Segregation\classify_food\yolov_train_data\train\veg\616.jpg,0.99963343,veg
576,C:\Users\adity\Desktop\Everything\Waste_Segregation\classify_food\yolov_train_data\train\veg\617.jpg,0.9999987,veg
577,C:\Users\adity\Desktop\Everything\Waste_Segregation\classify_food\yolov_train_data\train\veg\618.jpg,0.9991135,veg
578,C:\Users\adity\Desktop\Everything\Waste_Segregation\classify_food\yolov_train_data\train\veg\619.jpg,0.9999988,veg
579,C:\Users\adity\Desktop\Everything\Waste_Segregation\classify_food\yolov_train_data\train\veg\62.jpg,0.99998116,veg
580,C:\Users\adity\Desktop\Everything\Waste_Segregation\classify_food\yolov_train_data\train\veg\620.jpg,0.999549,veg
581,C:\Users\adity\Desktop\Everything\Waste_Segregation\classify_food\yolov_train_data\train\veg\621.jpg,0.9999974,veg
582,C:\Users\adity\Desktop\Everything\Waste_Segregation\classify_food\yolov_train_data\train\veg\622.jpg,0.99996185,veg
583,C:\Users\adity\Desktop\Everything\Waste_Segregation\classify_food\yolov_train_data\train\veg\623.jpg,0.999788,veg
584,C:\Users\adity\Desktop\Everything\Waste_Segregation\classify_food\yolov_train_data\train\veg\624.jpg,0.9998642,veg
585,C:\Users\adity\Desktop\Everything\Waste_Segregation\classify_food\yolov_train_data\train\veg\625.jpg,0.9998221,veg
586,C:\Users\adity\Desktop\Everything\Waste_Segregation\classify_food\yolov_train_data\train\veg\626.jpg,0.9999615,veg
587,C:\Users\adity\Desktop\Everything\Waste_Segregation\classify_food\yolov_train_data\train\veg\627.jpg,0.99997437,veg
588,C:\Users\adity\Desktop\Everything\Waste_Segregation\classify_food\yolov_train_data\train\veg\628.jpg,0.9766103,veg
589,C:\Users\adity\Desktop\Everything\Waste_Segregation\classify_food\yolov_train_data\train\veg\629.jpg,0.9995865,veg
590,C:\Users\adity\Desktop\Everything\Waste_Segregation\classify_food\yolov_train_data\train\veg\63.jpg,0.9999646,veg
591,C:\Users\adity\Desktop\Everything\Waste_Segregation\classify_food\yolov_train_data\train\veg\630.jpg,0.999925,veg
592,C:\Users\adity\Desktop\Everything\Waste_Segregation\classify_food\yolov_train_data\train\veg\631.jpg,0.99999213,veg
593,C:\Users\adity\Desktop\Everything\Waste_Segregation\classify_food\yolov_train_data\train\veg\632.jpg,0.98246694,veg
594,C:\Users\adity\Desktop\Everything\Waste_Segregation\classify_food\yolov_train_data\train\veg\633.jpg,0.99549085,veg
595,C:\Users\adity\Desktop\Everything\Waste_Segregation\classify_food\yolov_train_data\train\veg\634.jpg,0.99999785,veg
596,C:\Users\adity\Desktop\Everything\Waste_Segregation\classify_food\yolov_train_data\train\veg\635.jpg,0.9998142,veg
597,C:\Users\adity\Desktop\Everything\Waste_Segregation\classify_food\yolov_train_data\train\veg\636.jpg,0.99999785,veg
598,C:\Users\adity\Desktop\Everything\Waste_Segregation\classify_food\yolov_train_data\train\veg\637.jpg,0.99971086,veg
599,C:\Users\adity\Desktop\Everything\Waste_Segregation\classify_food\yolov_train_data\train\veg\638.jpg,0.99977905,veg
600,C:\Users\adity\Desktop\Everything\Waste_Segregation\classify_food\yolov_train_data\train\veg\639.jpg,0.9997358,veg
601,C:\Users\adity\Desktop\Everything\Waste_Segregation\classify_food\yolov_train_data\train\veg\64.jpg,0.9991881,veg
602,C:\Users\adity\Desktop\Everything\Waste_Segregation\classify_food\yolov_train_data\train\veg\640.jpg,0.99320096,veg
603,C:\Users\adity\Desktop\Everything\Waste_Segregation\classify_food\yolov_train_data\train\veg\641.jpg,0.999689,veg
604,C:\Users\adity\Desktop\Everything\Waste_Segregation\classify_food\yolov_train_data\train\veg\642.jpg,0.9998098,veg
605,C:\Users\adity\Desktop\Everything\Waste_Segregation\classify_food\yolov_train_data\train\veg\643.jpg,0.9999788,veg
606,C:\Users\adity\Desktop\Everything\Waste_Segregation\classify_food\yolov_train_data\train\veg\644.jpg,0.9996705,veg
607,C:\Users\adity\Desktop\Everything\Waste_Segregation\classify_food\yolov_train_data\train\veg\645.jpg,0.9998795,veg
608,C:\Users\adity\Desktop\Everything\Waste_Segregation\classify_food\yolov_train_data\train\veg\646.jpg,0.99997556,veg
609,C:\Users\adity\Desktop\Everything\Waste_Segregation\classify_food\yolov_train_data\train\veg\647.jpg,0.9979867,veg
610,C:\Users\adity\Desktop\Everything\Waste_Segregation\classify_food\yolov_train_data\train\veg\648.jpg,0.9999608,veg
611,C:\Users\adity\Desktop\Everything\Waste_Segregation\classify_food\yolov_train_data\train\veg\649.jpg,0.9976937,veg
612,C:\Users\adity\Desktop\Everything\Waste_Segregation\classify_food\yolov_train_data\train\veg\65.jpg,0.99957496,veg
613,C:\Users\adity\Desktop\Everything\Waste_Segregation\classify_food\yolov_train_data\train\veg\650.jpg,0.999938,veg
614,C:\Users\adity\Desktop\Everything\Waste_Segregation\classify_food\yolov_train_data\train\veg\651.jpg,0.99995637,veg
615,C:\Users\adity\Desktop\Everything\Waste_Segregation\classify_food\yolov_train_data\train\veg\652.jpg,0.9999249,veg
616,C:\Users\adity\Desktop\Everything\Waste_Segregation\classify_food\yolov_train_data\train\veg\653.jpg,0.9972314,veg
617,C:\Users\adity\Desktop\Everything\Waste_Segregation\classify_food\yolov_train_data\train\veg\654.jpg,0.99992573,veg
618,C:\Users\adity\Desktop\Everything\Waste_Segregation\classify_food\yolov_train_data\train\veg\655.jpg,0.99997234,veg
619,C:\Users\adity\Desktop\Everything\Waste_Segregation\classify_food\yolov_train_data\train\veg\656.jpg,0.9993789,veg
620,C:\Users\adity\Desktop\Everything\Waste_Segregation\classify_food\yolov_train_data\train\veg\657.jpg,0.9998023,veg
621,C:\Users\adity\Desktop\Everything\Waste_Segregation\classify_food\yolov_train_data\train\veg\658.jpg,0.99989736,veg
622,C:\Users\adity\Desktop\Everything\Waste_Segregation\classify_food\yolov_train_data\train\veg\659.jpg,0.99903834,veg
623,C:\Users\adity\Desktop\Everything\Waste_Segregation\classify_food\yolov_train_data\train\veg\66.jpg,0.999902,veg
624,C:\Users\adity\Desktop\Everything\Waste_Segregation\classify_food\yolov_train_data\train\veg\660.jpg,0.999987,veg
625,C:\Users\adity\Desktop\Everything\Waste_Segregation\classify_food\yolov_train_data\train\veg\661.jpg,0.99999607,veg
626,C:\Users\adity\Desktop\Everything\Waste_Segregation\classify_food\yolov_train_data\train\veg\662.jpg,0.9999912,veg
627,C:\Users\adity\Desktop\Everything\Waste_Segregation\classify_food\yolov_train_data\train\veg\663.jpg,0.99999785,veg
628,C:\Users\adity\Desktop\Everything\Waste_Segregation\classify_food\yolov_train_data\train\veg\664.jpg,0.9986104,veg
629,C:\Users\adity\Desktop\Everything\Waste_Segregation\classify_food\yolov_train_data\train\veg\665.jpg,0.99995315,veg
630,C:\Users\adity\Desktop\Everything\Waste_Segregation\classify_food\yolov_train_data\train\veg\666.jpg,0.99996066,veg
631,C:\Users\adity\Desktop\Everything\Waste_Segregation\classify_food\yolov_train_data\train\veg\667.jpg,0.99991393,veg
632,C:\Users\adity\Desktop\Everything\Waste_Segregation\classify_food\yolov_train_data\train\veg\668.jpg,0.999913,veg
633,C:\Users\adity\Desktop\Everything\Waste_Segregation\classify_food\yolov_train_data\train\veg\669.jpg,0.99981767,veg
634,C:\Users\adity\Desktop\Everything\Waste_Segregation\classify_food\yolov_train_data\train\veg\67.jpg,0.99998415,veg
635,C:\Users\adity\Desktop\Everything\Waste_Segregation\classify_food\yolov_train_data\train\veg\670.jpg,0.99999464,veg
636,C:\Users\adity\Desktop\Everything\Waste_Segregation\classify_food\yolov_train_data\train\veg\671.jpg,0.9999672,veg
637,C:\Users\adity\Desktop\Everything\Waste_Segregation\classify_food\yolov_train_data\train\veg\672.jpg,0.9995689,veg
638,C:\Users\adity\Desktop\Everything\Waste_Segregation\classify_food\yolov_train_data\train\veg\673.jpg,0.99960035,veg
639,C:\Users\adity\Desktop\Everything\Waste_Segregation\classify_food\yolov_train_data\train\veg\674.jpg,0.99908197,veg
640,C:\Users\adity\Desktop\Everything\Waste_Segregation\classify_food\yolov_train_data\train\veg\675.jpg,0.9998704,veg
641,C:\Users\adity\Desktop\Everything\Waste_Segregation\classify_food\yolov_train_data\train\veg\676.jpg,0.9999553,veg
642,C:\Users\adity\Desktop\Everything\Waste_Segregation\classify_food\yolov_train_data\train\veg\677.jpg,0.9998418,veg
643,C:\Users\adity\Desktop\Everything\Waste_Segregation\classify_food\yolov_train_data\train\veg\678.jpg,0.999959,veg
644,C:\Users\adity\Desktop\Everything\Waste_Segregation\classify_food\yolov_train_data\train\veg\679.jpg,0.9999924,veg
645,C:\Users\adity\Desktop\Everything\Waste_Segregation\classify_food\yolov_train_data\train\veg\68.jpg,0.9998411,veg
646,C:\Users\adity\Desktop\Everything\Waste_Segregation\classify_food\yolov_train_data\train\veg\680.jpg,0.99643034,veg
647,C:\Users\adity\Desktop\Everything\Waste_Segregation\classify_food\yolov_train_data\train\veg\681.jpg,0.9998604,veg
648,C:\Users\adity\Desktop\Everything\Waste_Segregation\classify_food\yolov_train_data\train\veg\682.jpg,0.99999774,veg
649,C:\Users\adity\Desktop\Everything\Waste_Segregation\classify_food\yolov_train_data\train\veg\683.jpg,0.9992429,veg
650,C:\Users\adity\Desktop\Everything\Waste_Segregation\classify_food\yolov_train_data\train\veg\684.jpg,0.9989858,veg
651,C:\Users\adity\Desktop\Everything\Waste_Segregation\classify_food\yolov_train_data\train\veg\685.jpg,0.9999802,veg
652,C:\Users\adity\Desktop\Everything\Waste_Segregation\classify_food\yolov_train_data\train\veg\686.jpg,0.99998343,veg
653,C:\Users\adity\Desktop\Everything\Waste_Segregation\classify_food\yolov_train_data\train\veg\687.jpg,0.99696976,veg
654,C:\Users\adity\Desktop\Everything\Waste_Segregation\classify_food\yolov_train_data\train\veg\688.jpg,0.9999975,veg
655,C:\Users\adity\Desktop\Everything\Waste_Segregation\classify_food\yolov_train_data\train\veg\689.jpg,0.9999858,veg
656,C:\Users\adity\Desktop\Everything\Waste_Segregation\classify_food\yolov_train_data\train\veg\69.jpg,0.9992255,veg
657,C:\Users\adity\Desktop\Everything\Waste_Segregation\classify_food\yolov_train_data\train\veg\690.jpg,0.9999608,veg
658,C:\Users\adity\Desktop\Everything\Waste_Segregation\classify_food\yolov_train_data\train\veg\691.jpg,0.999899,veg
659,C:\Users\adity\Desktop\Everything\Waste_Segregation\classify_food\yolov_train_data\train\veg\692.jpg,0.9993198,veg
660,C:\Users\adity\Desktop\Everything\Waste_Segregation\classify_food\yolov_train_data\train\veg\693.jpg,0.9998299,veg
661,C:\Users\adity\Desktop\Everything\Waste_Segregation\classify_food\yolov_train_data\train\veg\694.jpg,0.9999627,veg
662,C:\Users\adity\Desktop\Everything\Waste_Segregation\classify_food\yolov_train_data\train\veg\695.jpg,0.9985423,veg
663,C:\Users\adity\Desktop\Everything\Waste_Segregation\classify_food\yolov_train_data\train\veg\696.jpg,0.99997234,veg
664,C:\Users\adity\Desktop\Everything\Waste_Segregation\classify_food\yolov_train_data\train\veg\697.jpg,0.9999844,veg
665,C:\Users\adity\Desktop\Everything\Waste_Segregation\classify_food\yolov_train_data\train\veg\698.jpg,0.9960691,veg
666,C:\Users\adity\Desktop\Everything\Waste_Segregation\classify_food\yolov_train_data\train\veg\699.jpg,0.9999981,veg
667,C:\Users\adity\Desktop\Everything\Waste_Segregation\classify_food\yolov_train_data\train\veg\7.jpg,0.99996865,veg
668,C:\Users\adity\Desktop\Everything\Waste_Segregation\classify_food\yolov_train_data\train\veg\70.jpg,0.7215066,veg
669,C:\Users\adity\Desktop\Everything\Waste_Segregation\classify_food\yolov_train_data\train\veg\700.jpg,0.9999099,veg
670,C:\Users\adity\Desktop\Everything\Waste_Segregation\classify_food\yolov_train_data\train\veg\701.jpg,0.9999075,veg
671,C:\Users\adity\Desktop\Everything\Waste_Segregation\classify_food\yolov_train_data\train\veg\702.jpg,0.99996984,veg
672,C:\Users\adity\Desktop\Everything\Waste_Segregation\classify_food\yolov_train_data\train\veg\703.jpg,0.99999464,veg
673,C:\Users\adity\Desktop\Everything\Waste_Segregation\classify_food\yolov_train_data\train\veg\704.jpg,0.9998826,veg
674,C:\Users\adity\Desktop\Everything\Waste_Segregation\classify_food\yolov_train_data\train\veg\705.jpg,0.9973611,veg
675,C:\Users\adity\Desktop\Everything\Waste_Segregation\classify_food\yolov_train_data\train\veg\706.jpg,0.9999883,veg
676,C:\Users\adity\Desktop\Everything\Waste_Segregation\classify_food\yolov_train_data\train\veg\707.jpg,0.99977237,veg
677,C:\Users\adity\Desktop\Everything\Waste_Segregation\classify_food\yolov_train_data\train\veg\708.jpg,0.99999416,veg
678,C:\Users\adity\Desktop\Everything\Waste_Segregation\classify_food\yolov_train_data\train\veg\71.jpg,0.9996805,veg
679,C:\Users\adity\Desktop\Everything\Waste_Segregation\classify_food\yolov_train_data\train\veg\72.jpg,0.9999939,veg
680,C:\Users\adity\Desktop\Everything\Waste_Segregation\classify_food\yolov_train_data\train\veg\73.jpg,0.99935395,veg
681,C:\Users\adity\Desktop\Everything\Waste_Segregation\classify_food\yolov_train_data\train\veg\74.jpg,0.99994195,veg
682,C:\Users\adity\Desktop\Everything\Waste_Segregation\classify_food\yolov_train_data\train\veg\75.jpg,0.9999901,veg
683,C:\Users\adity\Desktop\Everything\Waste_Segregation\classify_food\yolov_train_data\train\veg\76.jpg,0.9804937,veg
684,C:\Users\adity\Desktop\Everything\Waste_Segregation\classify_food\yolov_train_data\train\veg\77.jpg,0.99990475,veg
685,C:\Users\adity\Desktop\Everything\Waste_Segregation\classify_food\yolov_train_data\train\veg\78.jpg,0.9959591,veg
686,C:\Users\adity\Desktop\Everything\Waste_Segregation\classify_food\yolov_train_data\train\veg\79.jpg,0.99998045,veg
687,C:\Users\adity\Desktop\Everything\Waste_Segregation\classify_food\yolov_train_data\train\veg\8.jpg,0.9997266,veg
688,C:\Users\adity\Desktop\Everything\Waste_Segregation\classify_food\yolov_train_data\train\veg\80.jpg,0.95973337,veg
689,C:\Users\adity\Desktop\Everything\Waste_Segregation\classify_food\yolov_train_data\train\veg\81.jpg,0.99982774,veg
690,C:\Users\adity\Desktop\Everything\Waste_Segregation\classify_food\yolov_train_data\train\veg\82.jpg,0.9984036,veg
691,C:\Users\adity\Desktop\Everything\Waste_Segregation\classify_food\yolov_train_data\train\veg\83.jpg,0.99999905,veg
692,C:\Users\adity\Desktop\Everything\Waste_Segregation\classify_food\yolov_train_data\train\veg\84.jpg,0.9989329,veg
693,C:\Users\adity\Desktop\Everything\Waste_Segregation\classify_food\yolov_train_data\train\veg\85.jpg,0.9998197,veg
694,C:\Users\adity\Desktop\Everything\Waste_Segregation\classify_food\yolov_train_data\train\veg\86.jpg,0.999949,veg
695,C:\Users\adity\Desktop\Everything\Waste_Segregation\classify_food\yolov_train_data\train\veg\87.jpg,0.99892884,veg
696,C:\Users\adity\Desktop\Everything\Waste_Segregation\classify_food\yolov_train_data\train\veg\88.jpg,0.9753735,veg
697,C:\Users\adity\Desktop\Everything\Waste_Segregation\classify_food\yolov_train_data\train\veg\89.jpg,0.99999547,veg
698,C:\Users\adity\Desktop\Everything\Waste_Segregation\classify_food\yolov_train_data\train\veg\9.jpg,0.99978644,veg
699,C:\Users\adity\Desktop\Everything\Waste_Segregation\classify_food\yolov_train_data\train\veg\90.jpg,0.9998431,veg
700,C:\Users\adity\Desktop\Everything\Waste_Segregation\classify_food\yolov_train_data\train\veg\91.jpg,0.9986218,veg
701,C:\Users\adity\Desktop\Everything\Waste_Segregation\classify_food\yolov_train_data\train\veg\92.jpg,0.9850937,veg
702,C:\Users\adity\Desktop\Everything\Waste_Segregation\classify_food\yolov_train_data\train\veg\93.jpg,0.9999927,veg
703,C:\Users\adity\Desktop\Everything\Waste_Segregation\classify_food\yolov_train_data\train\veg\94.jpg,0.99999046,veg
704,C:\Users\adity\Desktop\Everything\Waste_Segregation\classify_food\yolov_train_data\train\veg\95.jpg,0.9999194,veg
705,C:\Users\adity\Desktop\Everything\Waste_Segregation\classify_food\yolov_train_data\train\veg\96.jpg,0.9993818,veg
706,C:\Users\adity\Desktop\Everything\Waste_Segregation\classify_food\yolov_train_data\train\veg\97.jpg,0.99999416,veg
707,C:\Users\adity\Desktop\Everything\Waste_Segregation\classify_food\yolov_train_data\train\veg\98.jpg,0.99996674,veg
708,C:\Users\adity\Desktop\Everything\Waste_Segregation\classify_food\yolov_train_data\train\veg\99.jpg,0.9996587,veg
